Clave,Unidad,Nombre del producto,Cantidad,Precio de Compra,Precio de Venta,Reserva,Precios de venta adicionales (opcional),Información Adicional,Categoría
1,-,9 ORO AGRIDULCE X200GS.,9999,585.00,650.00,1,,,9 DE ORO
2,-,9 ORO AZUCARADO X210GS.,9999,585.00,650.00,1,,,9 DE ORO
3,-,9 ORO CLASICO X200GS.,9999,585.00,650.00,1,,,9 DE ORO
4,-,9 ORO LIGHT X170GS.,9999,585.00,650.00,1,,,9 DE ORO
5,-,9 ORO SALVADO X200GS.,9999,585.00,650.00,1,,,9 DE ORO
6,-,9 ORO CARA SUCIA  X200GS.,9999,585.00,650.00,1,,,9 DE ORO
7,-,ALIC AJI TRITURADO 12x25,9999,6629.40,7366.00,1,,,ALICANTE
8,-,ALIC AJO TRITURADO 12X50,9999,11786.40,13096.00,1,,,ALICANTE
9,-,ALIC ANIS E/GRANO 12X25,9999,8148.60,9054.00,1,,,ALICANTE
10,-,ALIC AZAFRAN X2U,9999,3382.20,3758.00,1,,,ALICANTE
11,-,ALIC BICARBONATO 25X50G,9999,12147.30,13497.00,1,,,ALICANTE
12,-,ALIC CALDO 12UX6 VERD R E/SODIO,9999,2946.60,3274.00,1,,,ALICANTE
13,-,ALIC CALDO 12UX7.5 4 QUESOS,9999,2946.60,3274.00,1,,,ALICANTE
14,-,ALIC CALDO 12UX7.5 ALBAHACA/AJO,9999,2946.60,3274.00,1,,,ALICANTE
15,-,ALIC CALDO 12UX7.5 CARNE,9999,2946.60,3274.00,1,,,ALICANTE
16,-,ALIC CALDO 12UX7.5 CHAM/HONGO,9999,2946.60,3274.00,1,,,ALICANTE
17,-,ALIC CALDO 12UX7.5 CREMA/VERDEO,9999,2946.60,3274.00,1,,,ALICANTE
18,-,ALIC CALDO 12UX7.5 F/HIERBAS,9999,2946.60,3274.00,1,,,ALICANTE
19,-,ALIC CALDO 12UX7.5 GALLINA,9999,2946.60,3274.00,1,,,ALICANTE
20,-,ALIC CALDO 12UX7.5 PANCETA,9999,2946.60,3274.00,1,,,ALICANTE
21,-,ALIC CALDO 12UX7.5 VERDURA,9999,2946.60,3274.00,1,,,ALICANTE
22,-,ALIC CANELA MOLIDA12X25,9999,12593.70,13993.00,1,,,ALICANTE
23,-,ALIC CEBOLLA DESH X50G.,9999,1485.00,1650.00,1,,,ALICANTE
24,-,ALIC CHIMICHURRI  X25G.,9999,740.70,823.00,1,,,ALICANTE
25,-,ALIC COCO RAYADO X50,9999,828.00,920.00,1,,,ALICANTE
26,-,ALIC COMINO 12x25G,9999,10067.40,11186.00,1,,,ALICANTE
27,-,ALIC COND. P/ARROZ 12X25,9999,9270.00,10300.00,1,,,ALICANTE
28,-,ALIC COND. P/AVES 12X25,9999,5631.30,6257.00,1,,,ALICANTE
29,-,ALIC COND. P/CARNE 12X25,9999,10223.10,11359.00,1,,,ALICANTE
30,-,ALIC COND. P/EMPAN 12x25,9999,10851.30,12057.00,1,,,ALICANTE
31,-,ALIC COND. P/MILANESA 12x25,9999,8537.40,9486.00,1,,,ALICANTE
32,-,ALIC COND. P/PESCADO 12X25,9999,7389.90,8211.00,1,,,ALICANTE
33,-,ALIC COND. P/PIZZA 12X25,9999,7022.70,7803.00,1,,,ALICANTE
34,-,ALIC COND. P/TUCO 12X25,9999,6992.10,7769.00,1,,,ALICANTE
35,-,ALIC COND. P/VEGET 25X25,9999,0.00,0.00,1,,,ALICANTE
36,-,ALIC ESTRAGON 12X10GS.,9999,5395.50,5995.00,1,,,ALICANTE
37,-,ALIC EXT. VAINILLA 1X100CC,9999,1059.30,1177.00,1,,,ALICANTE
38,-,ALIC LAUREL HOJAS 10G,9999,990.00,1100.00,1,,,ALICANTE
39,-,ALIC LAUREL TRITUR 12X25,9999,10566.00,11740.00,1,,,ALICANTE
40,-,ALIC NUEZ MOSC. ENTERA,9999,1403.10,1559.00,1,,,ALICANTE
41,-,ALIC NUEZ MOSC. MOLIDA,9999,17912.70,19903.00,1,,,ALICANTE
42,-,ALIC PEREJIL DES. X25GS,9999,1042.20,1158.00,1,,,ALICANTE
43,-,ALIC PIMENTON 24X25,9999,13126.50,14585.00,1,,,ALICANTE
44,-,ALIC PIMIE BCA GNO12X25,9999,12838.50,14265.00,1,,,ALICANTE
45,-,ALIC PIMIE BCA/MOL 12X25,9999,13995.90,15551.00,1,,,ALICANTE
46,-,ALIC PIMIE NEG. GRANO 12X25,9999,10446.30,11607.00,1,,,ALICANTE
47,-,ALIC PIMIE NEG. MOLIDA 12X25,9999,10174.50,11305.00,1,,,ALICANTE
48,-,ALIC PROVENZAL X25GS.,9999,709.20,788.00,1,,,ALICANTE
49,-,ALIC ROMERO 12X15G,9999,5615.10,6239.00,1,,,ALICANTE
50,-,ALIC SALSA 4 QUESOS x37gs.,9999,1240.20,1378.00,1,,,ALICANTE
51,-,ALIC SALSA BLANCA X40GS,9999,961.20,1068.00,1,,,ALICANTE
52,-,ALIC SALSA CHAMP. X35GS,9999,2043.00,2270.00,1,,,ALICANTE
53,-,ALIC TOMILLO 12X15G,9999,5594.40,6216.00,1,,,ALICANTE
54,-,ALIC OREGANO X25GS.,9999,995.40,1106.00,1,,,ALICANTE
55,-,*YERBA AMANDA X500 -,9999,0.00,0.00,1,,,AMANDA
56,-,LA AMISTAD MINI COLOR 20X100GS,9999,12478.50,13865.00,1,,,AMISTAD
57,-,LA AMISTAD MERENGUE BLANCO 20X100GS,9999,14295.60,15884.00,1,,,AMISTAD
58,-,*TOPLINE 7 X16 U TUTTI,9999,8383.50,9315.00,1,,,ARCOR
59,-,*TOPLINE 7  X16 U ROJO-,9999,8383.50,9315.00,1,,,ARCOR
60,-,*TOPLINE 7  X16 U AZUL-,9999,8383.50,9315.00,1,,,ARCOR
61,-,*TOPLINE 7  X16 U MANDARINA-,9999,8383.50,9315.00,1,,,ARCOR
62,-,*TOPLINE 7  X16 U SANDIA-,9999,8383.50,9315.00,1,,,ARCOR
63,-,*TOPLINE 7  X16 U VIOLETA-,9999,8383.50,9315.00,1,,,ARCOR
64,-,*TOPLINE 7  X16 U NEGRO-,9999,8383.50,9315.00,1,,,ARCOR
65,-,*TOPLINE 7  X16 U VERDE-,9999,8383.50,9315.00,1,,,ARCOR
66,-,*MENTHOPLUS ACIDO NARANJA-,9999,6030.00,6700.00,1,,,ARCOR
67,-,*MENTHOPLUS ACIDO MANZANA-,9999,6030.00,6700.00,1,,,ARCOR
68,-,*MENTHOPLUS ACIDO CHERRY-,9999,6030.00,6700.00,1,,,ARCOR
69,-,"*MENTHOPLUS CAFÉ LATTE ",9999,6030.00,6700.00,1,,,ARCOR
70,-,*MENTHOPLUS SIN AZUCAR MENTOL -,9999,5122.80,5692.00,1,,,ARCOR
71,-,*MENTHOPLUS SIN AZUCAR NEGRO-,9999,5122.80,5692.00,1,,,ARCOR
72,-,*MENTHOPLUS SIN AZUCAR DURAZNO-,9999,5122.80,5692.00,1,,,ARCOR
73,-,*MENTHOPLUS SIN AZUCAR CEREZA-,9999,5122.80,5692.00,1,,,ARCOR
74,-,*MENTHOPLUS CEREZA-,9999,3673.80,4082.00,1,,,ARCOR
75,-,*MENTHOPLUS MENTA-,9999,3673.80,4082.00,1,,,ARCOR
76,-,*MENTHOPLUS NEGRO-,9999,3673.80,4082.00,1,,,ARCOR
77,-,*MENTHOPLUS MENTOL -,9999,3673.80,4082.00,1,,,ARCOR
78,-,*MENTHOPLUS MIEL -,9999,3673.80,4082.00,1,,,ARCOR
79,-,*AGUILA ALF TORTA  BLANCO TRIPLE X1-,9999,833.40,926.00,1,,,ARCOR
80,-,*AGUILA ALF TORTA CLASICO TRIPLE X1-,9999,833.40,926.00,1,,,ARCOR
81,-,*AGUILA  ALF TORTA BROWNIE  TRIPLE X1-,9999,833.40,926.00,1,,,ARCOR
82,-,*AGUILA ALF TORTA  COCO TRIPLE X1-,9999,833.40,926.00,1,,,ARCOR
83,-,*BAGLEY ALF. TRIPLE B&N BCO  X1-,9999,833.40,926.00,1,,,ARCOR
84,-,*BAGLEY ALF. TRIPLE B&N NEGRO X1-,9999,833.40,926.00,1,,,ARCOR
85,-,*ARC ALF COFLER BLOCK TRIPLE X1-,9999,833.40,926.00,1,,,ARCOR
86,-,*ARC BON O BON ALFAJOR  BLANCO TRIPLE X1-,9999,833.40,926.00,1,,,ARCOR
87,-,*ARC BON O BON ALFAJOR CHOCOLATE TRIPLE X1-,9999,833.40,926.00,1,,,ARCOR
88,-,*ARC BON O BON TRIPLE NEGRO  X1-,9999,833.40,926.00,1,,,ARCOR
89,-,*ARC GAJOS FRUTALES -,9999,2535.30,2817.00,1,,,ARCOR
90,-,*FLICS MENTA X14 U -,9999,4230.00,4700.00,1,,,ARCOR
91,-,*ARC RELLENO MIEL X675GS-,9999,5133.60,5704.00,1,,,ARCOR
92,-,*ARC MENTA CRISTAL X810G-,9999,6365.70,7073.00,1,,,ARCOR
93,-,*ARC RELLENO FRUTAL X800 GRS-,9999,5133.60,5704.00,1,,,ARCOR
94,-,*ARC MIEL + MENTA X335-,9999,2406.60,2674.00,1,,,ARCOR
95,-,*ARC RODAJAS ACIDAS X930-,9999,6883.20,7648.00,1,,,ARCOR
96,-,*ARC RODAJAS CRAZY X465G-,9999,3690.00,4100.00,1,,,ARCOR
97,-,*ARC MASTICABLE FRUTAL X800-,9999,5423.40,6026.00,1,,,ARCOR
98,-,*COFLER BLOCK MANI CON CHOCOLATE X30,9999,0.00,0.00,1,,,ARCOR
99,-,*ARC CREMINO SURTIDO X94OG-,9999,7555.50,8395.00,1,,,ARCOR
100,-,*ARC FRESH CRISTAL X405GS.-,9999,3213.00,3570.00,1,,,ARCOR
101,-,*ARC B.TOFFES AGUILA X822-,9999,5537.70,6153.00,1,,,ARCOR
102,-,*ARC B.TOFFES AVELLANA X648-,9999,5537.70,6153.00,1,,,ARCOR
103,-,*ARC B.TOFFES B O BON X822-,9999,5537.70,6153.00,1,,,ARCOR
104,-,*ARC B.TOFFES BLANCO X822-,9999,5537.70,6153.00,1,,,ARCOR
105,-,*ARC B.TOFFES CAFE  X822-,9999,5537.70,6153.00,1,,,ARCOR
106,-,*ARC B.TOFFES CHOCOL X822-,9999,5537.70,6153.00,1,,,ARCOR
107,-,*ARC B.TOFFES CREEM  -,9999,5537.70,6153.00,1,,,ARCOR
108,-,*ARC B.TOFFES D/LECHE X822-,9999,5537.70,6153.00,1,,,ARCOR
109,-,*ARC B.TOFFES LECHE  X825-,9999,5537.70,6153.00,1,,,ARCOR
110,-,*ARC B.TOFFES MENTA  X822-,9999,5537.70,6153.00,1,,,ARCOR
111,-,*ARC ROCKLETS 18X40GS.-,9999,12498.30,13887.00,1,,,ARCOR
112,-,*ARC ROCKLETS 24X20GS.-,9999,10039.50,11155.00,1,,,ARCOR
113,-,*ARC BON O BON AGUILA X18U.-,9999,4783.50,5315.00,1,,,ARCOR
114,-,*ARC BON O BON BLANCO X30-,9999,7920.00,8800.00,1,,,ARCOR
115,-,*ARC BON O BON LECHE X30U-,9999,7920.00,8800.00,1,,,ARCOR
116,-,*ARC BON O BON CHOCOLINA X18U-,9999,4783.50,5315.00,1,,,ARCOR
117,-,*ARC BON O BON OBLEA X20 BLANCO-,9999,10450.80,11612.00,1,,,ARCOR
118,-,*ARC BON O BON OBLEA X20 NEGRO-,9999,10450.80,11612.00,1,,,ARCOR
119,-,*ARC BON O BON CHOCOLINA XL  X18 U -,9999,12798.00,14220.00,1,,,ARCOR
120,-,*ARC BON O BON  XL  X18 U -,9999,12798.00,14220.00,1,,,ARCOR
121,-,*CABSHA BOCADITO X48U.-,9999,12264.30,13627.00,1,,,ARCOR
122,-,*ARC ROCKLETS MINI 44X10-,9999,10298.70,11443.00,1,,,ARCOR
123,-,*ARC COFLER AIR BBON X67G.-,9999,1854.00,2060.00,1,,,ARCOR
124,-,*ARC COFLER AIR TOFFI X70G.-,9999,1854.00,2060.00,1,,,ARCOR
125,-,*ARC COFLER AIRE. ALMENDRA X55-,9999,1854.00,2060.00,1,,,ARCOR
126,-,*ARC COFLER AIRE. BLANCO X55-,9999,1854.00,2060.00,1,,,ARCOR
127,-,*ARC COFLER AIRE. COMBI. X55-,9999,1854.00,2060.00,1,,,ARCOR
128,-,*ARC COFLER AIRE. LECHE X55-,9999,1854.00,2060.00,1,,,ARCOR
129,-,*ARC COFL AIRE. ALMEN. X27-,9999,981.00,1090.00,1,,,ARCOR
130,-,*ARC COFL AIRE. BLANCO X27-,9999,981.00,1090.00,1,,,ARCOR
131,-,*ARC COFL AIRE. BON O BON  X30-,9999,981.00,1090.00,1,,,ARCOR
132,-,*ARC COFL AIRE. COMBIN. X27-,9999,981.00,1090.00,1,,,ARCOR
133,-,*ARC COFL AIRE. LECHE X27-,9999,981.00,1090.00,1,,,ARCOR
134,-,*ARC CHOCOLATIN 30X25 BLANCO-,9999,19665.00,21850.00,1,,,ARCOR
135,-,*ARC CHOCOLATIN 30X25 LECHE-,9999,19665.00,21850.00,1,,,ARCOR
136,-,*ARC CHOCOLATIN BLANCO 20X8-,9999,4554.00,5060.00,1,,,ARCOR
137,-,*ARC CHOCOLATIN NEGRO 20X8-,9999,4554.00,5060.00,1,,,ARCOR
138,-,*ARC COFLER BLOCK X20U.-,9999,859.50,955.00,1,,,ARCOR
139,-,*ARC COFLER BLOCK BLANCO X20U.-,9999,859.50,955.00,1,,,ARCOR
140,-,*ARC COFLER BLOCK X300GS-,9999,6676.20,7418.00,1,,,ARCOR
141,-,*ARC COFLER BLOCK X170G-,9999,3912.30,4347.00,1,,,ARCOR
142,-,*ARC COFLER BOCKAZO X 1 KG-,9999,19044.00,21160.00,1,,,ARCOR
143,-,*ARC COFLER BLOCK MITI MITI X170 GRS-,9999,3912.30,4347.00,1,,,ARCOR
144,-,*ARC COFLER BLOCK TABLETA X110-,9999,2223.00,2470.00,1,,,ARCOR
145,-,*CRIOLLITAS X3 -,9999,956.70,1063.00,1,,,ARCOR
146,-,*CRIOLLITAS X100 GR,9999,0.00,0.00,1,,,ARCOR
147,-,*BAGLEY OPERA X220GS-,9999,1439.10,1599.00,1,,,ARCOR
148,-,*BAGLEY OPERA X55GS-,9999,441.00,490.00,1,,,ARCOR
149,-,*BAGLEY OPERA X92GS-,9999,688.50,765.00,1,,,ARCOR
150,-,*BAGLEY CHOCOLINA X170GS-,9999,916.20,1018.00,1,,,ARCOR
151,-,*BAGLEY CHOCOLINA X262GS-,9999,1268.10,1409.00,1,,,ARCOR
152,-,*bagley chocolinas blanca x262gr-,9999,1206.00,1340.00,1,,,ARCOR
153,-,*BAGLEY SONRISAS FRUTILLA-,9999,770.40,856.00,1,,,ARCOR
154,-,*BAGLEY RUMBA X112GS-,9999,770.40,856.00,1,,,ARCOR
155,-,*BAGLEY RUMBA x336-,9999,2013.30,2237.00,1,,,ARCOR
156,-,*BAGLEY MELLIZAS X112GS-,9999,770.40,856.00,1,,,ARCOR
157,-,*BAGLEY MERENGADAS X93-,9999,770.40,856.00,1,,,ARCOR
158,-,*BAGLEY AMOR X112 GS-,9999,770.40,856.00,1,,,ARCOR
159,-,*MACUCAS X110 GS-,9999,616.50,685.00,1,,,ARCOR
160,-,*BAGLEY TRAVIATA X303GS-,9999,1164.60,1294.00,1,,,ARCOR
161,-,*BAGLEY TRAVIATA X100 GR-,9999,0.00,0.00,1,,,ARCOR
162,-,*AGUILA SALADIX JAMON X100-,9999,993.60,1104.00,1,,,ARCOR
163,-,*AGUILA SALADIX PARMEZANO X100-,9999,993.60,1104.00,1,,,ARCOR
164,-,*AGUILA SALADIX PIZZA X100-,9999,993.60,1104.00,1,,,ARCOR
165,-,*AGUILA SALADIX CALABRESA X30-,9999,666.00,740.00,1,,,ARCOR
166,-,*AGUILA SALADIX CALABREZA  X100-,9999,993.60,1104.00,1,,,ARCOR
167,-,*AGUILA SALADIX JAMON X30-,9999,666.00,740.00,1,,,ARCOR
168,-,*AGUILA SALADIX PARMEZANO X30-,9999,666.00,740.00,1,,,ARCOR
169,-,*AGUILA SALADIX PIZZA X30G-,9999,666.00,740.00,1,,,ARCOR
170,-,*BAGLEY PORTEÑITA X130-,9999,703.80,782.00,1,,,ARCOR
171,-,*ARC TURRON 50X25G.-,9999,7470.00,8300.00,1,,,ARCOR
172,-,*FIZZ X48 U -,9999,7193.70,7993.00,1,,,ARCOR
173,-,*BAGLEY REX ESTUCHE X125-,9999,1113.30,1237.00,1,,,ARCOR
174,-,*BAGLEY REX TUBO X75-,9999,740.70,823.00,1,,,ARCOR
175,-,*BAGLEY REX X75G.-,9999,740.70,823.00,1,,,ARCOR
176,-,*BAGLEY KESITAS ESTU. X125-,9999,1113.30,1237.00,1,,,ARCOR
177,-,*BAGLEY KESITAS X75G.-,9999,740.70,823.00,1,,,ARCOR
178,-,"*BAGLEY SALVADO X3- ",9999,1917.00,2130.00,1,,,ARCOR
179,-,*BAGLEY SALVADO X100 GR-,9999,747.00,830.00,1,,,ARCOR
180,-,*ARC TURRON CHOCOLATE -,9999,0.00,0.00,1,,,ARCOR
181,-,*SERRANAS SANDWICH X16,9999,0.00,0.00,1,,,ARCOR
182,-,*SURTIDO BAGLEY -,9999,1676.70,1863.00,1,,,ARCOR
183,-,*SURTIDO DIVERSION -,9999,1454.40,1616.00,1,,,ARCOR
184,-,*BON O BON COCO 270GR,9999,4783.50,5315.00,1,,,ARCOR
185,-,*KIOSCO EN CASA X246 GR-,9999,5278.50,5865.00,1,,,ARCOR
186,-,*ARCOR SELECCION X228 GR-,9999,5154.30,5727.00,1,,,ARCOR
187,-,*MOGUL CONITOS X1 KG -,9999,6157.80,6842.00,1,,,ARCOR
188,-,*MOGUL JELLY BUTTONS X1 KG-,9999,6157.80,6842.00,1,,,ARCOR
189,-,*MOGUL ANILLOS X1 KG -,9999,6157.80,6842.00,1,,,ARCOR
190,-,*MOGUL DIENTES X500 GRS-,9999,4228.20,4698.00,1,,,ARCOR
191,-,*MOGUL DIENTES X150 GRS-,9999,0.00,0.00,1,,,ARCOR
192,-,*MOGUL MORAS X500 GRS-,9999,4228.20,4698.00,1,,,ARCOR
193,-,*MOGUL MORAS X150 GRS-,9999,0.00,0.00,1,,,ARCOR
194,-,*MOGUL FRUTILLAS ACIDAS X150 GRS-,9999,0.00,0.00,1,,,ARCOR
195,-,*MOGUL SANDIA X500 GRS-,9999,4228.20,4698.00,1,,,ARCOR
196,-,*MOGUL FRUTILLAS ACIDAS X500 GRS-,9999,4228.20,4698.00,1,,,ARCOR
197,-,*AGUILA BARRA X150 GRS-,9999,3555.00,3950.00,1,,,ARCOR
198,-,*AGUILA BARRA X100 GRS -,9999,2791.80,3102.00,1,,,ARCOR
199,-,*AGUILA BARRA 14X24 GRS-,9999,12775.50,14195.00,1,,,ARCOR
200,-,*AGUILA BARRA 60% CACAO 14X24 GRS-,9999,12775.50,14195.00,1,,,ARCOR
201,-,*ARC CEREAL MIX X20 CLASICO-,9999,8964.00,9960.00,1,,,ARCOR
202,-,*ARC CEREAL MIX X20 FLLA/CHOCOLATE-,9999,8964.00,9960.00,1,,,ARCOR
203,-,*ARC CEREAL MIX X20 FRUTILLA-,9999,8964.00,9960.00,1,,,ARCOR
204,-,*ARC CEREAL MIX X20 FRUTILLA LIGHT-,9999,8964.00,9960.00,1,,,ARCOR
205,-,*ARC CEREAL MIX X20 MANZANA-,9999,8964.00,9960.00,1,,,ARCOR
206,-,*ARC CEREAL MIX PASION CHOCOLATE X20 U-,9999,8964.00,9960.00,1,,,ARCOR
207,-,*ARC CEREAL MIX CHOCOLATE X20 U-,9999,8964.00,9960.00,1,,,ARCOR
208,-,*MOGUL PALOTES EXTEME UVA X70 U -,9999,5137.20,5708.00,1,,,ARCOR
209,-,*MOGUL PALOTES EXTREME SANDIA X70 U-,9999,5137.20,5708.00,1,,,ARCOR
210,-,*MOGUL PALOTES EXTREME TUTI X70 U-,9999,5137.20,5708.00,1,,,ARCOR
211,-,*ARC MOGUL EXTREME ROCK X10U.-,9999,5645.70,6273.00,1,,,ARCOR
212,-,*ARC MOGUL EXTREME SANDIA X10-,9999,5645.70,6273.00,1,,,ARCOR
213,-,*ARC MOGUL OSITO EXTREME X1OU.-,9999,5645.70,6273.00,1,,,ARCOR
214,-,*MOGUL JELLY BEANS X10,9999,5645.70,6273.00,1,,,ARCOR
215,-,"*MOGUL DIENTES X50GR X10 UN ",9999,5645.70,6273.00,1,,,ARCOR
216,-,*MOGUL MORAS X 50GR X10UN,9999,5645.70,6273.00,1,,,ARCOR
217,-,*ARC MOGUL CEREBRITO X12-,9999,3991.50,4435.00,1,,,ARCOR
218,-,*ARC MOGUL DINOS X12U-,9999,3991.50,4435.00,1,,,ARCOR
219,-,*ARC MOGUL FRUTAL 10X60-,9999,3991.50,4435.00,1,,,ARCOR
220,-,*ARC MOGUL OSITOS   X12U-,9999,3991.50,4435.00,1,,,ARCOR
221,-,*ARC MOGUL PIECITOS X12U-,9999,3991.50,4435.00,1,,,ARCOR
222,-,*ARC MOGUL TIBURON  X12U-,9999,3991.50,4435.00,1,,,ARCOR
223,-,*ARC MOGUL VIBORITA X12U-,9999,4885.20,5428.00,1,,,ARCOR
224,-,*ARC MOGUL ROLLO X12 EXTREME-,9999,3746.70,4163.00,1,,,ARCOR
225,-,*ARC ROLLO MOGUL X12-,9999,3746.70,4163.00,1,,,ARCOR
226,-,*ARC CHUPETIN ARQUITO X50U-,9999,3674.70,4083.00,1,,,ARCOR
227,-,*MOGUL TUBITOS X16 U-,9999,4724.10,5249.00,1,,,ARCOR
228,-,*ARC POPS EVOL EXTREME X24u.-,9999,2965.50,3295.00,1,,,ARCOR
229,-,*ARC POPS EVOLU X24 P/LENGUA-,9999,2965.50,3295.00,1,,,ARCOR
230,-,*ARC POPS EVOLU X24 SURTIDO-,9999,2965.50,3295.00,1,,,ARCOR
231,-,*ARC POPS EVOLU X24U BERRY-,9999,2965.50,3295.00,1,,,ARCOR
232,-,*ARC POPS EVOLU X24U CEREZA-,9999,2965.50,3295.00,1,,,ARCOR
233,-,*FLICS FRUTAS X14 U -,9999,4230.00,4700.00,1,,,ARCOR
234,-,*CABSHAC AVELLANAS X24UN,9999,0.00,0.00,1,,,ARCOR
235,-,*CABSHAC MARROC X24UN,9999,0.00,0.00,1,,,ARCOR
236,-,*TRAVIATA REX X36,9999,459.00,510.00,1,,,ARCOR
237,-,*TRAVIATA KESITAS X36,9999,459.00,510.00,1,,,"ARCOR "
238,-,*COFLER COOKIES BON O BON X105GR X16U,9999,1647.00,1830.00,1,,,"ARCOR "
239,-,*COFLER COOKIES CHOCO  X105GR X16U,9999,1647.00,1830.00,1,,,ARCOR
240,-,*COFLER COOKIES BAÑADA X105GR X16U,9999,1647.00,1830.00,1,,,ARCOR
241,-,*BAGGIO MANZANA X1 L-,9999,1170.00,1300.00,1,,,BAGGIO
242,-,*BAGGIO NARANJA X1 L -,9999,1170.00,1300.00,1,,,BAGGIO
243,-,*BAGGIO MULTIFRUTA X 1L-,9999,1170.00,1300.00,1,,,BAGGIO
244,-,*BAGGIO NARANJA X200 -,9999,310.50,345.00,1,,,BAGGIO
245,-,*BAGGIO MANZANA X200-,9999,310.50,345.00,1,,,BAGGIO
246,-,*BAGGIO MULTIFRUTA X200-,9999,310.50,345.00,1,,,BAGGIO
247,-,*BARILOCHITO CEREZAS X24U-,9999,0.00,0.00,1,,,BARILOCHE
248,-,*BARILOCHITO UVAS X24-,9999,0.00,0.00,1,,,BARILOCHE
249,-,*BARILOCHITO WHISKY X24-,9999,0.00,0.00,1,,,BARILOCHE
250,-,*BARILOCHITO DULCE DE LECHE X24-,9999,0.00,0.00,1,,,BARILOCHE
251,-,*BIC LAPICERAS X50 U AZUL-,9999,488.70,543.00,1,,,BIC
252,-,*BIC LAPICERAS X50 U NEGRA-,9999,488.70,543.00,1,,,BIC
253,-,*BICO LAPICERAS X50 U ROJA-,9999,488.70,543.00,1,,,BIC
254,-,*BIC ENCENDEOR MAXI X12-,9999,846.00,940.00,1,,,BIC
255,-,*BIC ENCENDEOR MINI X12-,9999,675.00,750.00,1,,,BIC
256,-,*BILLIKEN RUEDITAS X12U.-,9999,2166.30,2407.00,1,,,BILLIKENT
257,-,*BILLIKEN MAST. FRUTAL -,9999,2256.30,2507.00,1,,,BILLIKENT
258,-,*BILLIKEN MAST. YOGHURT-,9999,2256.30,2507.00,1,,,BILLIKENT
259,-,"*TEMBLEKE BIYU ",9999,7933.50,8815.00,1,,,BILLIKENT
260,-,*BIZNIKKE X28 GRS-,9999,7785.00,8650.00,1,,,BIZNIKE
261,-,*BIZNIKKE  BLANCO X28GR-,9999,7785.00,8650.00,1,,,BIZNIKE
262,-,*MECANO CHOCOLATE X19 GS RUEDA X24 U -,9999,7560.00,8400.00,1,,,BONAFIDE
263,-,*MECANO BLANCO X19 GS RUEDA X24 U-,9999,7560.00,8400.00,1,,,BONAFIDE
264,-,*MECANO TABLETA CHOCO X45 GS -,9999,0.00,0.00,1,,,BONAFIDE
265,-,*MECANO TABLETA BLANCO X45 GS -,9999,0.00,0.00,1,,,BONAFIDE
266,-,*MECANO TABLETA CHOC X 80 GS -,9999,1170.00,1300.00,1,,,BONAFIDE
267,-,*MECANO TABLETA  BLANCO X 80 GS -,9999,1170.00,1300.00,1,,,BONAFIDE
268,-,*BONA BOCADITO DDL -,9999,8280.00,9200.00,1,,,BONAFIDE
269,-,*BONA BOCADITO MENTA -,9999,0.00,0.00,1,,,BONAFIDE
270,-,"*BONA MECANO NUGATON RUEDA ",9999,7560.00,8400.00,1,,,BONAFIDE
271,-,*BONA BOCADITO RHUM-,9999,0.00,0.00,1,,,BONAFIDE
272,-,"CACHAFAZ ALFAJOR X12 NEGRO ",9999,14851.80,16502.00,1,,,CACHAFAZ
273,-,CACHAFAZ ALFAJOR X12 BLANCO,9999,14851.80,16502.00,1,,,CACHAFAZ
274,-,CACHAFAZ ALFAJOR X12 MAICENA,9999,14851.80,16502.00,1,,,CACHAFAZ
275,-,CACHAFAZ ALFAJOR X12 MOUSSE,9999,14851.80,16502.00,1,,,CACHAFAZ
276,-,CACHAFAZ CONITO X12U.,9999,13383.00,14870.00,1,,,CACHAFAZ
277,-,"CACHAFAZ MARROC X54 U ",9999,29783.70,33093.00,1,,,CACHAFAZ
278,-,CACHAFAZ GALLETA ALGARROBA,9999,1438.20,1598.00,1,,,CACHAFAZ
279,-,"CACHAFAZ GALLETA AVE/CHIP ",9999,1881.00,2090.00,1,,,CACHAFAZ
280,-,CACHAFAZ GALLETA AVE/PASAS,9999,1438.20,1598.00,1,,,CACHAFAZ
281,-,CACHAFAZ GALLETA GRANOLA,9999,1683.00,1870.00,1,,,CACHAFAZ
282,-,*CADBURY INTENSE X24GR,9999,0.00,0.00,1,,,CADBURY
283,-,"*AZUCAR CAMPO BLANCO X 10 ",9999,675.00,750.00,1,,,CAMPO BLANCO
284,-,CAPITAN NEGRO X36,9999,693.00,770.00,1,,,CAPITAN
285,-,CAPITAN BLANCO X36,9999,693.00,770.00,1,,,CAPITAN
286,-,CAPITAN TRIPLE X3 x24,9999,1085.40,1206.00,1,,,CAPITAN
287,-,"CAPITAN FRUTA ",9999,0.00,0.00,1,,,CAPITAN
288,-,CAPULLITOS CAÑITOS X80GS.,9999,288.00,320.00,1,,,CAPULLITO
289,-,CAPULLITOS CHIZITO COLOR X80,9999,288.00,320.00,1,,,CAPULLITO
290,-,CAPULLITOS CHIZITO X80G,9999,288.00,320.00,1,,,CAPULLITO
291,-,CAPULLITOS LARGUITOS X80GS.,9999,288.00,320.00,1,,,CAPULLITO
292,-,CAPULLITOS MAIZ 30X20GS,9999,288.00,320.00,1,,,CAPULLITO
293,-,CAPULLITOS MAIZ X80GS.,9999,288.00,320.00,1,,,CAPULLITO
294,-,CAPULLITOS PIZZITAS X80,9999,288.00,320.00,1,,,CAPULLITO
295,-,CAPULLITOS TAPITAS X80GS.,9999,288.00,320.00,1,,,CAPULLITO
296,-,CARILO GALLETA ARROZ C/SAL,9999,1028.70,1143.00,1,,,CARILO
297,-,CARILO GALLETA ARROZ DULCE X150,9999,1028.70,1143.00,1,,,CARILO
298,-,CARILO GALLETA ARROZ S/SAL,9999,1028.70,1143.00,1,,,CARILO
299,-,*CARTAS CASINO X50 NAIPES -,9999,1475.10,1639.00,1,,,CASINO
300,-,*CARTAS CASINO X40 NAIPES-,9999,1271.70,1413.00,1,,,CASINO
301,-,CEREALKO ARROCITAS CARAMEL x55,9999,738.00,820.00,1,,,CEREALKO
302,-,CEREALKO ARROCITAS F/HIERBAS x55,9999,738.00,820.00,1,,,CEREALKO
303,-,CEREALKO ARROCITAS ORIGINAL x55,9999,738.00,820.00,1,,,CEREALKO
304,-,*CHOCMAN CLASICO X15,9999,10854.00,12060.00,1,,,CHOCMAN
305,-,*CHOCMAN BLACK X15,9999,10854.00,12060.00,1,,,CHOCMAN
306,-,*CHOCOARROZ DULCE DE LECHE X30-,9999,279.00,310.00,1,,,CHOCOARROZ
307,-,*CHOCOARROZ BLANCO X30-,9999,279.00,310.00,1,,,CHOCOARROZ
308,-,*CHOCOARROZ LIMON X30-,9999,279.00,310.00,1,,,CHOCOARROZ
309,-,*CHOCOARROZ MOUSSE X30-,9999,279.00,310.00,1,,,CHOCOARROZ
310,-,CILO LENGUITA BA—ADA X300GS.,9999,918.90,1021.00,1,,,CILO
311,-,CILO LENGUITA MEMBRILLO X400,9999,918.90,1021.00,1,,,CILO
312,-,CILO MIEL X350GS.,9999,918.90,1021.00,1,,,CILO
313,-,CILO SURTIDA X400GS.,9999,918.90,1021.00,1,,,CILO
314,-,CILO ANILLOS LIMON X400,9999,918.90,1021.00,1,,,CILO
315,-,CILO ANILLOS VAINILLA X400,9999,918.90,1021.00,1,,,CILO
316,-,CILO DOBLINAS X320,9999,918.90,1021.00,1,,,CILO
317,-,CILO LENGUITA COCO X340,9999,918.90,1021.00,1,,,CILO
318,-,CILO LENGUITA X200GS.,9999,324.90,361.00,1,,,CILO
319,-,CILO LENGUITA X400GS.,9999,918.90,1021.00,1,,,CILO
320,-,CILO PEPA BA—ADA X300GS.,9999,918.90,1021.00,1,,,CILO
321,-,CILO PEPA LIGHT X300G,9999,918.90,1021.00,1,,,CILO
322,-,CILO PEPAS X200GS.,9999,918.90,1021.00,1,,,CILO
323,-,CILO PEPAS X400GS.,9999,918.90,1021.00,1,,,CILO
324,-,CILO POLVOR AZUC. X400G,9999,918.90,1021.00,1,,,CILO
325,-,CILO POLVORON C/CHIPS X340,9999,918.90,1021.00,1,,,CILO
326,-,CILO SCONS X400G.,9999,918.90,1021.00,1,,,CILO
327,-,*CURITAS X24 UN -,9999,310.50,345.00,1,,,CURITAS
328,-,*DOLCA BANANITA 16X14GS.,9999,4957.20,5508.00,1,,,DOLCA
329,-,*DOLCA BANANITA 16X30GS.-,9999,5593.50,6215.00,1,,,DOLCA
330,-,*CAFÉ DOLCA X50 GR -,9999,2277.00,2530.00,1,,,DOLCA
331,-,*CAFÉ DOLCA SUAVE X50 GR-,9999,2277.00,2530.00,1,,,DOLCA
332,-,*CAFÉ DOLCA X100 GR,9999,3312.00,3680.00,1,,,DOLCA
333,-,*CAFÉ DOLCA SUAVE X100 GR,9999,3312.00,3680.00,1,,,DOLCA
334,-,*CAFE DOLCA X170 GR,9999,5154.30,5727.00,1,,,DOLCA
335,-,*CAFÉ DOLCA SUAVE X170 GR,9999,5154.30,5727.00,1,,,DOLCA
336,-,-DON RAUL PALMERITAS X200GR,9999,887.40,986.00,1,,,DON RAUL
337,-,*DORIN''S CORAZONCITOS CLASICO X20U.-,9999,2949.30,3277.00,1,,,DORINS
338,-,*DORIN''S CORAZONCITOS FRAMBUESA X20U.-,9999,2949.30,3277.00,1,,,DORINS
339,-,*DORIN''S CORAZONCITOS MIX X20U.-,9999,2949.30,3277.00,1,,,DORINS
340,-,*DORIN''S CORAZONCITOS MARACUYA MIX X20U.-,9999,2949.30,3277.00,1,,,DORINS
341,-,*DORIN''S CORAZONCITOS FRUTILLA MIX X20U.-,9999,2949.30,3277.00,1,,,DORINS
342,-,*DOVE JABON 90gr-,9999,1076.40,1196.00,1,,,DOVE
343,-,*DESODORANTE DOVE X12,9999,2173.50,2415.00,1,,,DOVE
348,-,DUCADOS BUDIN X300 CHOCOL C/CHIP,9999,1609.20,1788.00,1,,,DUCADOS
349,-,DUCADOS BUDIN X300 D/LECHE C/CHIP,9999,1609.20,1788.00,1,,,DUCADOS
350,-,DUCADOS BUDIN X300 GALES,9999,1609.20,1788.00,1,,,DUCADOS
351,-,DUCADOS BUDIN X300 LIMON C/SEMILLA,9999,1609.20,1788.00,1,,,DUCADOS
352,-,DUCADOS BUDIN X300 NARANJA C/CASC,9999,1609.20,1788.00,1,,,DUCADOS
353,-,DUCADOS BUDIN X300 RELL MARACUYA,9999,1609.20,1788.00,1,,,DUCADOS
354,-,DUCADOS BUDIN X300 VAINILLA C/FRUTA,9999,1609.20,1788.00,1,,,DUCADOS
355,-,DUCADOS BUDIN X300 VIT C/SEMILLAS,9999,1609.20,1788.00,1,,,DUCADOS
356,-,DUCADOS BUDIN X350 RELL D/LECHE,9999,1609.20,1788.00,1,,,DUCADOS
357,-,DUCADOS BUDIN X350 RELL F/BOSQUE,9999,1609.20,1788.00,1,,,DUCADOS
358,-,DUCADOS BUDIN X350 RELL MANZANA,9999,1609.20,1788.00,1,,,DUCADOS
359,-,DUCADOS BUDIN X350 RELL MARROC,9999,1609.20,1788.00,1,,,DUCADOS
360,-,*PILAS DURACEL AA X14 U-,9999,688.50,765.00,1,,,DURACEL
361,-,*PILAS DURACEL AAA X14 U -,9999,688.50,765.00,1,,,DURACEL
362,-,EDRA PEPAS X180GS.,9999,389.70,433.00,1,,,EDRA
363,-,EDRA PEPAS X350GS.,9999,762.30,847.00,1,,,EDRA
364,-,*PAÑUELITOS ELEGANTE-,9999,0.00,0.00,1,,,ELEGANTE
365,-,*PAÑUELITOS ELITE -,9999,931.50,1035.00,1,,,ELITE
366,-,*PILAS ENERGIZER AA X10 U-,9999,558.90,621.00,1,,,ENERGIZER
367,-,*PILAS ENERGIZER AAA X10 U-,9999,558.90,621.00,1,,,ENERGIZER
368,-,FACHITAS TAPITAS X200GS,9999,800.10,889.00,1,,,FACHITAS
369,-,FACHITAS TAPITAS X400GS,9999,1530.00,1700.00,1,,,FACHITAS
370,-,FACHITAS CORON CH/BCO X140,9999,646.20,718.00,1,,,FACHITAS
371,-,FACHITAS CORON CHOCOL X140,9999,646.20,718.00,1,,,FACHITAS
372,-,FACHITAS CORON D/LECHE X140,9999,646.20,718.00,1,,,FACHITAS
373,-,FACHITAS CORON DURAZNO X140,9999,646.20,718.00,1,,,FACHITAS
374,-,FACHITAS CORON F/BOSQUE X140,9999,646.20,718.00,1,,,FACHITAS
375,-,FACHITAS CORON FRAMBU X140,9999,646.20,718.00,1,,,FACHITAS
376,-,FACHITAS CORON FRUTILLA X140,9999,646.20,718.00,1,,,FACHITAS
377,-,FACHITAS CORON LIMON X140,9999,646.20,718.00,1,,,FACHITAS
378,-,FACHITAS CORON VAINILLA X140,9999,646.20,718.00,1,,,FACHITAS
379,-,FANTOCHE ALF TRIPLE BLANCO X1,9999,524.70,583.00,1,,,FANTOCHE
380,-,FANTOCHE ALF TRIPLE NEGRO X1,9999,524.70,583.00,1,,,FANTOCHE
381,-,FANTOCHE ESPUMITA X300G,9999,897.30,997.00,1,,,FANTOCHE
382,-,FANTOCHE HOROSCOPO X300,9999,1008.00,1120.00,1,,,FANTOCHE
383,-,FANTOCHE MARMOLADA X350,9999,1008.00,1120.00,1,,,FANTOCHE
384,-,FANTOCHE YAYITA BLACK X250,9999,1008.00,1120.00,1,,,FANTOCHE
385,-,FANTOCHE YAYITA X275GS.,9999,1008.00,1120.00,1,,,FANTOCHE
386,-,FANTOCHE ESPUMITA X300G,9999,897.30,997.00,1,,,FANTOCHE
387,-,FANTOCHE HOROSCOPO X300,9999,1008.00,1120.00,1,,,FANTOCHE
388,-,FANTOCHE MARMOLADA X350,9999,1008.00,1120.00,1,,,FANTOCHE
389,-,FANTOCHE YAYITA BLACK X250,9999,1008.00,1120.00,1,,,FANTOCHE
390,-,FANTOCHE YAYITA X275GS.,9999,1008.00,1120.00,1,,,FANTOCHE
391,-,"REFRESCO TUTI X 12U ",9999,5094.00,5660.00,1,,,"FELFORT "
392,-,REFREZCO ROJO X12 U,9999,5094.00,5660.00,1,,,"FELFORT "
393,-,"REFREZCO MANDARINA X12 U ",9999,5094.00,5660.00,1,,,"FELFORT "
394,-,"REFREZCO NARANJA X12 U ",9999,5094.00,5660.00,1,,,"FELFORT "
395,-,"REFREZCO MENTOL X12 U ",9999,5094.00,5660.00,1,,,"FELFORT "
396,-,FELF. LICORFORT WHISKY X15,9999,0.00,0.00,1,,,"FELFORT "
397,-,FELFORT BOC. CERICET X24,9999,0.00,0.00,1,,,"FELFORT "
398,-,FELFORT BOTELLITA X20U,9999,0.00,0.00,1,,,"FELFORT "
399,-,FELFORT DOS CORAZONES X20U,9999,19363.50,21515.00,1,,,"FELFORT "
400,-,FELFORT FEELING X30,9999,14931.00,16590.00,1,,,"FELFORT "
401,-,FELFORT JACKELIN X15,9999,10629.00,11810.00,1,,,"FELFORT "
402,-,FELFORT JACKELIN X30,9999,23400.00,26000.00,1,,,"FELFORT "
403,-,"FELFORT KOOKY BOM X30U. ",9999,6966.00,7740.00,1,,,"FELFORT "
404,-,FELFORT LICORITAS X25U,9999,24654.60,27394.00,1,,,"FELFORT "
405,-,FELFORT MARROC X60U,9999,32124.60,35694.00,1,,,"FELFORT "
406,-,FELFORT MEDALLON D/LECHE X20,9999,14166.00,15740.00,1,,,"FELFORT "
407,-,FELFORT MENTITAS X30,9999,13408.20,14898.00,1,,,"FELFORT "
408,-,FELFORT PARAGUITAS X20,9999,0.00,0.00,1,,,"FELFORT "
409,-,FELFORT PARAGUITAS X40U,9999,21996.00,24440.00,1,,,"FELFORT "
410,-,FELFORT PIRATAS X60,9999,20304.00,22560.00,1,,,"FELFORT "
411,-,FELFORT TAB. C/MANI X250G,9999,9540.00,10600.00,1,,,"FELFORT "
412,-,FELFORT TAB. L Y M 10X75G,9999,31680.00,35200.00,1,,,"FELFORT "
413,-,FELFORT TURRONCINO 5 CER X30,9999,39128.40,43476.00,1,,,"FELFORT "
414,-,FELFORT TURRONCINO X30,9999,39128.40,43476.00,1,,,"FELFORT "
415,-,FELFORT CHUPELATIN X32,9999,27544.50,30605.00,1,,,"FELFORT "
416,-,FELFORT TIVIS X20,9999,14544.00,16160.00,1,,,"FELFORT "
417,-,FELFORT C/FORT ACTION X24,9999,10238.40,11376.00,1,,,"FELFORT "
418,-,FELFORT C/FORT CHOCOLATE X24,9999,10238.40,11376.00,1,,,"FELFORT "
419,-,FELFORT C/FORT CROCO  X24,9999,10238.40,11376.00,1,,,"FELFORT "
420,-,FELFORT C/FORT FLEKOS X24,9999,10238.40,11376.00,1,,,"FELFORT "
421,-,FELFORT C/FORT FRUTILLA X24,9999,10238.40,11376.00,1,,,"FELFORT "
422,-,FELFORT C/FORT FRUTOS-ROJOS X24,9999,10238.40,11376.00,1,,,"FELFORT "
423,-,FELFORT C/FORT GRAN RICO X24,9999,10238.40,11376.00,1,,,"FELFORT "
424,-,FELFORT C/FORT LADIES,9999,10238.40,11376.00,1,,,"FELFORT "
425,-,FELFORT C/FORT MANZANA X24,9999,10238.40,11376.00,1,,,"FELFORT "
426,-,FELFORT C/FORT NUTRI X24,9999,10238.40,11376.00,1,,,"FELFORT "
427,-,FELFORT C/FORT ROJO X24,9999,10238.40,11376.00,1,,,"FELFORT "
428,-,FELFORT C/FORT YOG. ANANA X24,9999,10238.40,11376.00,1,,,"FELFORT "
429,-,FELFORT BARRITA CHOCO/MANI 24X20,9999,0.00,0.00,1,,,"FELFORT "
430,-,FELFORT BARRITA NEGRO 30X16,9999,0.00,0.00,1,,,"FELFORT "
431,-,FELFORT BARRITA BLANCO 30X16,9999,0.00,0.00,1,,,"FELFORT "
432,-,FELFORT ESPACIAL FORT X20 U,9999,0.00,0.00,1,,,"FELFORT "
433,-,FELFORT NOBEL 15X35 GF,9999,21667.50,24075.00,1,,,"FELFORT "
434,-,FELFORT HUEVO JACK,9999,0.00,0.00,1,,,"FELFORT "
435,-,FELFORT DIABFORT X20 X50GR,9999,0.00,0.00,1,,,"FELFORT "
436,-,*FERNET BRANCA x750-,9999,0.00,0.00,1,,,FERNET
437,-,*KINDER JOY -,9999,1373.40,1526.00,1,,,FERRERO
438,-,*KINDER X12 NENE -,9999,1323.00,1470.00,1,,,FERRERO
439,-,*KINDER X12 NENA -,9999,1323.00,1470.00,1,,,FERRERO
440,-,*KINDER MAXI X10 U -,9999,6408.00,7120.00,1,,,FERRERO
441,-,*KINDER BUENO WHITE X10 U -,9999,1678.50,1865.00,1,,,FERRERO
442,-,*KINDER BUENO  X10 U -,9999,1678.50,1865.00,1,,,FERRERO
443,-,*KINDER BARRA 20X50GR GRS-,9999,1505.70,1673.00,1,,,FERRERO
444,-,*FERRERO ROCHER 3X16-,9999,1684.80,1872.00,1,,,FERRERO
445,-,*FERRERO ROCHER ACRILICO-,9999,0.00,0.00,1,,,FERRERO
446,-,*FERRERO ROCHER ACRILICO X12-,9999,7069.50,7855.00,1,,,FERRERO
447,-,*FERRERO ROCHER X24U.-,9999,13729.50,15255.00,1,,,FERRERO
448,-,*FERRERO ROCHER X8U.-,9999,5034.60,5594.00,1,,,FERRERO
449,-,*FERRERO ROCHER X4U.-,9999,2440.80,2712.00,1,,,FERRERO
450,-,*TIC TAC MENTA fuerte X12 U-,9999,5850.00,6500.00,1,,,FERRERO
451,-,*TIC TAC NARANJA X12 U-,9999,5850.00,6500.00,1,,,FERRERO
452,-,*TIC TAC MIX X12U-,9999,5850.00,6500.00,1,,,FERRERO
453,-,*TIC TAC FRUTILLA X12 U-,9999,5850.00,6500.00,1,,,FERRERO
454,-,*TIC TAC MENTA X12 U-,9999,5850.00,6500.00,1,,,FERRERO
455,-,*KINDER BARRITA X24U-,9999,10729.80,11922.00,1,,,FERRERO
456,-,FOR-VAN FORMULA 20X160 F/P,9999,8327.70,9253.00,1,,,FOR-VAN
457,-,FOR-VAN VAN 1 20X160 F/P,9999,7857.00,8730.00,1,,,FOR-VAN
458,-,FOR-VAN CHOCOVAN X130G.,9999,504.00,560.00,1,,,FOR-VAN
459,-,FOR-VAN VAN 1 X200GS.,9999,542.70,603.00,1,,,FOR-VAN
460,-,FOR-VAN VAN 1 X330GS.,9999,857.70,953.00,1,,,FOR-VAN
461,-,*FUN POP X12U.-,9999,1478.70,1643.00,1,,,FUN
462,-,*LA GALLINA COQUITA X8U.-,9999,2124.00,2360.00,1,,,FUN
463,-,*WATER POP X8 U -,9999,1890.00,2100.00,1,,,FUN
464,-,*CATZ FUN X6U.-,9999,1818.00,2020.00,1,,,FUN
465,-,*PUPPY HOUSSE X8U-,9999,1917.00,2130.00,1,,,FUN
466,-,*CATY HOUSE X8 U -,9999,1917.00,2130.00,1,,,FUN
467,-,*SHARK POP X8U.-,9999,2028.60,2254.00,1,,,FUN
468,-,*FUN GALLINA CHICKEN CHAT X16 U-,9999,2123.10,2359.00,1,,,FUN
469,-,*FROSTY POP X8U.-,9999,1641.60,1824.00,1,,,FUN
470,-,*LION POPS X8U.-,9999,2160.00,2400.00,1,,,FUN
471,-,*BUBBLE ROLL X8U.-,9999,1620.00,1800.00,1,,,FUN
472,-,*BUBBLE ROLL SURTIDO X8U.-,9999,1620.00,1800.00,1,,,FUN
473,-,*AIR POP X9-,9999,2225.70,2473.00,1,,,FUN
474,-,*WACKY MONKEY X8-,9999,2225.70,2473.00,1,,,FUN
475,-,*PUNCHY MONKEY X8U.-,9999,2225.70,2473.00,1,,,FUN
476,-,*EMOTI POP X9-,9999,1530.00,1700.00,1,,,FUN
477,-,*SPORT POP X6U.-,9999,1530.00,1700.00,1,,,FUN
479,-,*TWISTER POP X8-,9999,1640.70,1823.00,1,,,FUN
480,-,*COCO POPS X8U.-,9999,1746.00,1940.00,1,,,FUN
481,-,*CATCH POP X8U.-,9999,1530.00,1700.00,1,,,FUN
482,-,*DOGGY POP-,9999,2160.00,2400.00,1,,,FUN
483,-,*LASER POP X6U. MONSTER-,9999,9900.00,11000.00,1,,,FUN
484,-,*UNI POP X9U.-,9999,1782.00,1980.00,1,,,FUN
485,-,*OKIPOPS X16U.-,9999,0.00,0.00,1,,,FUN
486,-,*OKIS HUEVOS X12U.-,9999,0.00,0.00,1,,,FUN
487,-,*OKIS HUEVOS X6U.-,9999,0.00,0.00,1,,,FUN
488,-,*KREEPY POP X8 U-,9999,873.00,970.00,1,,,FUN
489,-,*CRAZY POP TIRA NARANJA X20 U -,9999,373.50,415.00,1,,,FUN
490,-,*CRAZY POP TIRA MANZANA X20 U-,9999,373.50,415.00,1,,,FUN
491,-,*CRAZI POP TIRA UVA X20 U -,9999,373.50,415.00,1,,,FUN
492,-,*CRAZY POP TIRA FRUTILLA X20 U-,9999,373.50,415.00,1,,,FUN
493,-,*MEGA WATER POP X4-,9999,2191.50,2435.00,1,,,FUN
494,-,*GUMMY ZONE BURGER X24-,9999,4100.40,4556.00,1,,,FUN
495,-,*GUMMY ZONE DOGGIE X24U.-,9999,4100.40,4556.00,1,,,FUN
496,-,*GUMMY ZONE MINI PIZZA X24U.-,9999,7650.00,8500.00,1,,,FUN
497,-,*CANDELA ENCENDEDOR X25U.-,9999,5034.60,5594.00,1,,,FUN
498,-,*ENCENDEDOR BX7 x50un-,9999,441.00,490.00,1,,,FUN
499,-,*ENCENDEDOR SHARK-,9999,4831.20,5368.00,1,,,FUN
500,-,*CANDELA VENGALA X4 U -,9999,1833.30,2037.00,1,,,FUN
501,-,*GUMMY PIZZA XXL X24,9999,13158.00,14620.00,1,,,FUN
502,-,FUTURO MINIPEPA X150GS.,9999,364.50,405.00,1,,,FUTURO
503,-,FUTURO PEPA X170GS.,9999,360.00,400.00,1,,,FUTURO
504,-,FUTURO PEPA X1K.,9999,2034.00,2260.00,1,,,FUTURO
505,-,FUTURO PEPA X300GS.,9999,594.00,660.00,1,,,FUTURO
506,-,*GAROTO BOMBON X250G-,9999,4036.50,4485.00,1,,,GAROTO
507,-,"FLYN PAFF GOMITAS SURTIDAS X12 U ",9999,1551.60,1724.00,1,,,GEORGALOS
508,-,"FLYN PAFF GOMITAS TUTI X12 U ",9999,1551.60,1724.00,1,,,GEORGALOS
509,-,"FLYN PAFF GOMITAS SPORT X12 U ",9999,1551.60,1724.00,1,,,GEORGALOS
510,-,*STANI LA YAPA X36U.-,9999,5863.50,6515.00,1,,,GEORGALOS
511,-,GEO. FLYNN PAFF CONFITADO ACIDO X6,9999,2766.60,3074.00,1,,,GEORGALOS
512,-,GEO. FLYNN PAFF CONFITADO X6,9999,2766.60,3074.00,1,,,GEORGALOS
513,-,"FLYNN PAFF XXL ",9999,0.00,0.00,1,,,GEORGALOS
514,-,*GEO. FLYNN PAFF X70 ANANA-,9999,3415.50,3795.00,1,,,GEORGALOS
515,-,*GEO. FLYNN PAFF X70 BANANA-,9999,3415.50,3795.00,1,,,GEORGALOS
516,-,*GEO. FLYNN PAFF X70 FRUTILLA-,9999,3415.50,3795.00,1,,,GEORGALOS
517,-,*GEO. FLYNN PAFF X70 FRUTILLA /VAINILLA-,9999,3415.50,3795.00,1,,,GEORGALOS
518,-,*GEO. FLYNN PAFF X70 MANZANA-,9999,3415.50,3795.00,1,,,GEORGALOS
519,-,*GEO. FLYNN PAFF X70 PINTA-LENGUA-,9999,3415.50,3795.00,1,,,GEORGALOS
520,-,*GEO. FLYNN PAFF X70 TUTI-,9999,3415.50,3795.00,1,,,GEORGALOS
521,-,*GEO. FLYNN PAFF X70 UVA-,9999,3415.50,3795.00,1,,,GEORGALOS
522,-,*GEO. FLYNN PAFF X70 YOGUR FRUTILLA DURAZNO-,9999,3415.50,3795.00,1,,,GEORGALOS
523,-,*GEO. FLYNN PAFF X70 YOGUR FRUTILLA BANANA-,9999,3415.50,3795.00,1,,,GEORGALOS
524,-,*GEO. FLYNN PAFF ANANA TROPICAL X70 -,9999,3415.50,3795.00,1,,,GEORGALOS
525,-,*GEO. FLYNN PAFF LIMA BERRY X70 -,9999,3415.50,3795.00,1,,,GEORGALOS
526,-,*GEO. FLYNN PAFF LIMA LIMON X70 -,9999,3415.50,3795.00,1,,,GEORGALOS
527,-,*FULL MANI X100-,9999,0.00,0.00,1,,,GEORGALOS
528,-,*FULL MANI X160-,9999,2673.00,2970.00,1,,,GEORGALOS
529,-,*FULL MANI X35 GRS-,9999,0.00,0.00,1,,,GEORGALOS
530,-,*STANI MEDIA HORA X200U.-,9999,7812.90,8681.00,1,,,GEORGALOS
531,-,*STANI PALITO SELVA X600GS.-,9999,4916.70,5463.00,1,,,GEORGALOS
532,-,CHUPETIN PALITO DE LA SELVA X 24 U,9999,3294.00,3660.00,1,,,GEORGALOS
533,-,*MANTECOL BAÑADO X20GS.,9999,450.00,500.00,1,,,GEORGALOS
534,-,*MANTECOL X26GS.-,9999,459.00,510.00,1,,,GEORGALOS
535,-,*MANTECOL X41GS.-,9999,631.80,702.00,1,,,GEORGALOS
536,-,*MANTECOL X64G.-,9999,765.00,850.00,1,,,GEORGALOS
537,-,*MANTECOL X110 GRS-,9999,1345.50,1495.00,1,,,GEORGALOS
538,-,*GILLETE PRESTOBARBA ULTRA GRIP X20-,9999,855.00,950.00,1,,,GILLETE
539,-,*GILLETE PRESTOBARBA TRES FILOS X10 -,9999,1525.50,1695.00,1,,,GILLETE
540,-,*GILLETE PRESTOBARBA X2 VEREDE,9999,2847.60,3164.00,1,,,GILLETE
541,-,*ODORONO REXONA -,9999,0.00,0.00,1,,,GILLETE
542,-,"GLIN""S CELOSAS X230GS.",9999,771.30,857.00,1,,,GLINS
543,-,GLIN`S CELOSAS X110GS.,9999,385.20,428.00,1,,,GLINS
544,-,GLIN`S CELOSAS X350GS.,9999,1156.50,1285.00,1,,,GLINS
545,-,GLIN`S RELLENAS X200 FRUTILLA,9999,0.00,0.00,1,,,GLINS
546,-,GLIN`S RELLENAS X90GS. FRUTILLA,9999,0.00,0.00,1,,,GLINS
547,-,GOLOMIX GOMA X800 BANANA,9999,3244.50,3605.00,1,,,GOLOMIX
548,-,GOLOMIX GOMA X800 EUCALIPTO,9999,3244.50,3605.00,1,,,GOLOMIX
549,-,"GOLOMIX GOMA X800 FRUTAL ",9999,3244.50,3605.00,1,,,GOLOMIX
550,-,GOLOMIX GOMA X800 GUSANITOS,9999,3244.50,3605.00,1,,,GOLOMIX
551,-,"GOLOMIX GOMA X800 MENTOL ",9999,3244.50,3605.00,1,,,GOLOMIX
552,-,GOLOMIX GOMA X800 MINIFRUTAL,9999,3244.50,3605.00,1,,,GOLOMIX
553,-,"GOLOMIX GOMA X800 RODAJAS ",9999,3244.50,3605.00,1,,,GOLOMIX
554,-,GOLOMIX GOMA X800 ROSA,9999,3244.50,3605.00,1,,,GOLOMIX
555,-,GOLOMIX GOMA X800 SUPER MENTOL,9999,3244.50,3605.00,1,,,GOLOMIX
556,-,"GOLOMIX X800 OROZUS ",9999,4647.60,5164.00,1,,,GOLOMIX
557,-,*GONGYS X28 GS -,9999,225.00,250.00,1,,,GONGYS
558,-,*GOOD SHOW PAPAS CLASICAS X63GR,9999,702.00,780.00,1,,,GOOD SHOW
559,-,*GOOD SHOW PALITOS SALADOS 100GR,9999,702.00,780.00,1,,,GOOD SHOW
560,-,*GOOD SHOW PAPAS HUEVO FTO 63GR,9999,702.00,780.00,1,,,GOOD SHOW
561,-,*GOOD SHOW PAPAS AMERICANAS X63GR,9999,702.00,780.00,1,,,GOOD SHOW
562,-,*GOOD SHOW PAPAS PAY 63GR,9999,702.00,780.00,1,,,GOOD SHOW
563,-,*GOOD SHOW CHIZITOS 63RG,9999,702.00,780.00,1,,,GOOD SHOW
564,-,*GOOD SHOW PAPAS RUSTICAS 93GR,9999,1008.00,1120.00,1,,,GOOD SHOW
565,-,*GOOD SHOW PAPAS AMERICANAS X500GR,9999,3330.00,3700.00,1,,,GOOD SHOW
566,-,*GOOD SHOW PAPAS JAMON SERRANO X63GR,9999,702.00,780.00,1,,,GOOD SHOW
567,-,*GOOD SHOW PAPAS CLASICAS X500GR,9999,3330.00,3700.00,1,,,GOOD SHOW
568,-,*GOOD SHOW CHEDDAR 63GR,9999,702.00,780.00,1,,,GOOD SHOW
569,-,GRANIX FRUTIG C/PASAS X250,9999,1134.00,1260.00,1,,,GRANIX
570,-,GRANIX FRUTIG C/CHIPS x255,9999,1679.40,1866.00,1,,,GRANIX
571,-,GRANIX FRUTIG SALVADO  X250,9999,916.20,1018.00,1,,,GRANIX
572,-,GRANIX FRUTIG SEM.CHIA X240,9999,1102.50,1225.00,1,,,GRANIX
573,-,GRANIX FRUTIG SEM/SESAMO X260,9999,1102.50,1225.00,1,,,GRANIX
574,-,GRANIX FRUTIG F/ROJOS X250,9999,1678.50,1865.00,1,,,GRANIX
575,-,GRANIX FRUTIG TROPICAL X250GS.,9999,1679.40,1866.00,1,,,GRANIX
576,-,GRANIX SESAMO S/SAL X175,9999,711.00,790.00,1,,,GRANIX
577,-,GRANIX CEREAL X185GS.,9999,686.70,763.00,1,,,GRANIX
579,-,GRANIX GRANAGUA SANWICH x600,9999,2109.60,2344.00,1,,,GRANIX
580,-,GRANIX GRANAGUA X200GS.,9999,733.50,815.00,1,,,GRANIX
581,-,GRANIX LINO X185GS.,9999,665.10,739.00,1,,,GRANIX
582,-,GRANIX SALVADO S/SAL X230,9999,817.20,908.00,1,,,GRANIX
583,-,GRANIX SALVADO X135G.,9999,551.70,613.00,1,,,GRANIX
584,-,GRANIX SALVADO X240GS.,9999,886.50,985.00,1,,,GRANIX
585,-,GRANIX SALVADO X720G.,9999,2427.30,2697.00,1,,,GRANIX
586,-,GRANIX SEMOLADA X420GS.,9999,0.00,0.00,1,,,GRANIX
587,-,GRANIX SESAMO X185GS.,9999,696.60,774.00,1,,,GRANIX
588,-,GRANIX SIN SAL X140G.,9999,509.40,566.00,1,,,GRANIX
589,-,GRANIX SIN SAL X185GS.,9999,678.60,754.00,1,,,GRANIX
590,-,GRANIX SIN SAL X555GS.,9999,1922.40,2136.00,1,,,GRANIX
591,-,GRANIX SURTIDO FIESTA X350,9999,1193.40,1326.00,1,,,GRANIX
592,-,"GUAYMALLEN NEGRO X40 U ",9999,6688.80,7432.00,1,,,GUAYMALLEN
593,-,"GUAYMALLEN BLANCO X40 U ",9999,6688.80,7432.00,1,,,GUAYMALLEN
594,-,"GUAYMALLEN FRUTA X40 U ",9999,6688.80,7432.00,1,,,GUAYMALLEN
595,-,GUAYMALLEN TRI BLANCO X24 U,9999,6688.80,7432.00,1,,,GUAYMALLEN
596,-,"GUAYMALLEN TRI NEGRO X24U ",9999,6688.80,7432.00,1,,,GUAYMALLEN
597,-,"GUAYMALLEN ORO X24 U ",9999,8403.30,9337.00,1,,,GUAYMALLEN
598,-,GUAYMALLE TRIPLE FRUTA X24,9999,6554.70,7283.00,1,,,GUAYMALLEN
599,-,*HAMLET BICOLOR X21-,9999,415.80,462.00,1,,,HAMLET
600,-,*HAMLET BLANCO X21-,9999,415.80,462.00,1,,,HAMLET
601,-,*HAMLET CHOCOLATOSO X21-,9999,415.80,462.00,1,,,HAMLET
602,-,*HAMLET ALM. MANI X21-,9999,415.80,462.00,1,,,HAMLET
603,-,*HAMLET LECHE COOKIES X21-,9999,415.80,462.00,1,,,HAMLET
604,-,*HAMLET FRUTILLA X21-,9999,415.80,462.00,1,,,HAMLET
605,-,*HILERET LUQUIDO   X250 ML,9999,0.00,0.00,1,,,HILERET
606,-,"*HILERET LIQUIDO  X500 ML ",9999,0.00,0.00,1,,,HILERET
607,-,*HILERET AZUCAR LIGTH X250 GR-,9999,931.50,1035.00,1,,,HILERET
608,-,*HILEREZ AZUCAR LIGTH X500 GR-,9999,1604.70,1783.00,1,,,HILERET
609,-,HJ BISCUIT X130GS.,9999,702.00,780.00,1,,,HJ
610,-,*HELLMANNS X118 GR 20 U-,9999,442.80,492.00,1,,,HLLMANS
611,-,*HELLMANNS X237 GR -,9999,859.50,955.00,1,,,HLLMANS
612,-,*HELLMASNNS X500 GR -,9999,1537.20,1708.00,1,,,HLLMANS
613,-,*HELLMANNS X 1 KG-,9999,2950.20,3278.00,1,,,HLLMANS
614,-,HOJALMAR MATERO SALADO X180,9999,544.50,605.00,1,,,HOJALMAR
615,-,HOJALMAR MATERO SNACK X180,9999,544.50,605.00,1,,,HOJALMAR
616,-,HOJALMAR PALMERA X150GS,9999,712.80,792.00,1,,,HOJALMAR
617,-,HOJALMAR TALITA CLASICA X 120GS.,9999,0.00,0.00,1,,,HOJALMAR
618,-,HOJALMAR TRIANGULO X150,9999,612.00,680.00,1,,,HOJALMAR
619,-,HOJALMAR TRIANGULO X250,9999,897.30,997.00,1,,,HOJALMAR
620,-,HOJALMAR VARITA X150GS.,9999,612.00,680.00,1,,,HOJALMAR
621,-,HOJALMAR VARITA X250GS.,9999,897.30,997.00,1,,,HOJALMAR
622,-,"*PAÑALES HUGGIES ",9999,1350.00,1500.00,1,,,HUGGIES
623,-,"JORGITO ALF NEGRO X24 U ",9999,12056.40,13396.00,1,,,JORGITO
624,-,"JORGITO ALF BLANCO X24 U ",9999,12056.40,13396.00,1,,,JORGITO
625,-,"JORGITO ALF FRUTA X24 U ",9999,12056.40,13396.00,1,,,JORGITO
626,-,"JORGITO ALF NEGRO X155 ",9999,1538.10,1709.00,1,,,JORGITO
627,-,"JORGITO ALF BLANCO X155 ",9999,1538.10,1709.00,1,,,JORGITO
628,-,JORGITO ALF CHO/BLACO X155,9999,1538.10,1709.00,1,,,JORGITO
629,-,JORGITO ALF FRUTA X155,9999,1538.10,1709.00,1,,,JORGITO
630,-,JORGITO ALF MOUSE X155,9999,1538.10,1709.00,1,,,JORGITO
631,-,JORGITO CONITO X 12 U,9999,6825.60,7584.00,1,,,JORGITO
632,-,JORGELIN ALF NEGRO X24 U-,9999,746.10,829.00,1,,,JORGITO
633,-,JORGELIN ALF BLANCO X24 U-,9999,746.10,829.00,1,,,JORGITO
634,-,JORGITO BIZ. GRASA X200,9999,518.40,576.00,1,,,JORGITO
635,-,JORGITO BIZ. GRASA X400,9999,1037.70,1153.00,1,,,JORGITO
636,-,JORGELIN BLANCO 24X90GS,9999,16129.80,17922.00,1,,,JORGITO
637,-,JORGELIN CHOCOLATE 24x90GS.,9999,16129.80,17922.00,1,,,JORGITO
638,-,KING PASTA DE MANI C/CHOC X350,9999,2137.50,2375.00,1,,,KING
639,-,"KING PASTA DE MANI X350 ",9999,2137.50,2375.00,1,,,KING
640,-,KING PASTA MANI X485GA.,9999,2397.60,2664.00,1,,,KING
641,-,KOKIS CAÑONC BATATA X200G,9999,0.00,0.00,1,,,KOKIS
642,-,KOKIS CAÑONC BATATA X500G,9999,0.00,0.00,1,,,KOKIS
643,-,KOKIS CAÑONCITO MANZANA X500,9999,0.00,0.00,1,,,KOKIS
644,-,KOKIS CAÑONCITO X200G.,9999,666.90,741.00,1,,,KOKIS
645,-,KOKIS CAÑONCITO X500GS.,9999,1515.60,1684.00,1,,,KOKIS
646,-,KOKIS GALLEGUITA COCO X 500G,9999,1400.40,1556.00,1,,,KOKIS
647,-,KOKIS GALLEGUITA LIMON X500G,9999,1296.00,1440.00,1,,,KOKIS
648,-,KOKIS GALLEGUITA X200G.,9999,562.50,625.00,1,,,KOKIS
649,-,KOKIS GALLEGUITA X500GS,9999,1296.00,1440.00,1,,,KOKIS
650,-,KOKIS MEMBRILLITO COCO X200,9999,0.00,0.00,1,,,KOKIS
651,-,KOKIS MEMBRILLITO COCO X500,9999,0.00,0.00,1,,,KOKIS
652,-,KOKIS MEMBRILLITO X200G,9999,666.90,741.00,1,,,KOKIS
653,-,KOKIS MEMBRILLITO X500G,9999,1516.50,1685.00,1,,,KOKIS
654,-,KOKIS PEPOS C/MEMBRILLO X500,9999,0.00,0.00,1,,,KOKIS
655,-,KOKIS RECITAL OBLEA X3 CHOCOL,9999,643.50,715.00,1,,,KOKIS
656,-,KOKIS RECITAL OBLEA X3 CLASICA,9999,643.50,715.00,1,,,KOKIS
657,-,KOKIS RECITAL OBLEA X3 FRUT,9999,643.50,715.00,1,,,KOKIS
658,-,KOKIS RECITAL OBLEA X3 VAINILLA,9999,643.50,715.00,1,,,KOKIS
659,-,KOKIS RECITAL X100GS. CHANTILLI,9999,433.80,482.00,1,,,KOKIS
660,-,KOKIS RECITAL X100GS. CHOCOLATE,9999,433.80,482.00,1,,,KOKIS
661,-,KOKIS RECITAL X100GS. CLASICA,9999,433.80,482.00,1,,,KOKIS
662,-,KOKIS RECITAL X100GS. FRUTILLA,9999,433.80,482.00,1,,,KOKIS
663,-,KOKIS RECITAL X100GS. VAINILLA,9999,433.80,482.00,1,,,KOKIS
664,-,KRACHITOS X115GS. PAPA TRADICIONAL,9999,1298.70,1443.00,1,,,KRACHITOS
665,-,KRACHITOS X115GS.PAPA AMERICANA,9999,1298.70,1443.00,1,,,KRACHITOS
666,-,KRACHITOS X330 PAPAS CHEDDAR,9999,3073.50,3415.00,1,,,KRACHITOS
667,-,KRACHITOS X420 AMERICANA,9999,3786.30,4207.00,1,,,KRACHITOS
668,-,KRACHITOS X420 TRADICIONAL,9999,3786.30,4207.00,1,,,KRACHITOS
669,-,KRACHITOS X500 PALITOS SALADOS,9999,3456.00,3840.00,1,,,KRACHITOS
670,-,KRACHITOS X55 PAPA CEBOLLA/CREMA,9999,745.20,828.00,1,,,KRACHITOS
671,-,KRACHITOS X55 PAPAS SIN/SAL,9999,774.00,860.00,1,,,KRACHITOS
672,-,KRACHITOS X55GS. BASTONCITOS,9999,604.80,672.00,1,,,KRACHITOS
673,-,KRACHITOS X55GS. JAMON,9999,732.60,814.00,1,,,KRACHITOS
674,-,KRACHITOS X55GS. PAPA AMERICANA,9999,747.00,830.00,1,,,KRACHITOS
675,-,KRACHITOS X55GS. PAPA TRADICIONAL,9999,747.00,830.00,1,,,KRACHITOS
676,-,KRACHITOS X55GS. PAPAS PAY,9999,697.50,775.00,1,,,KRACHITOS
677,-,KRACHITOS X65GS. PALITOS SALADOS,9999,553.50,615.00,1,,,KRACHITOS
678,-,KRACHITOS X65GS. PAPA CHEDAR,9999,729.00,810.00,1,,,KRACHITOS
679,-,KRACHITOS X65GS. PAPA KETCHUP,9999,729.00,810.00,1,,,KRACHITOS
680,-,KRACHITOS X60GS. CHIZITOS,9999,603.00,670.00,1,,,KRACHITOS
681,-,*MENTITAS SANDIA X12,9999,2288.70,2543.00,1,,,LA CASA
682,-,*D.R.F.MENTA X12 U-,9999,2142.00,2380.00,1,,,LA CASA
683,-,*D.R.F.NARANJA X 12 U -,9999,2142.00,2380.00,1,,,LA CASA
684,-,*D.R.F MENTOL X12 U -,9999,2142.00,2380.00,1,,,LA CASA
685,-,*D.R.F ANIS X12 U -,9999,2142.00,2380.00,1,,,LA CASA
686,-,*D.R.F LIMON X20 U -,9999,2142.00,2380.00,1,,,LA CASA
687,-,*D.R.F SURTIDA X 24 U -,9999,5040.00,5600.00,1,,,LA CASA
688,-,*D.R.F FRUTOS ROJOS X 12 U -,9999,2142.00,2380.00,1,,,LA CASA
689,-,*D.R.F FRUTOS CITRICOS X12 U -,9999,2142.00,2380.00,1,,,LA CASA
690,-,*YIPI PASTILLA X12-,9999,1932.30,2147.00,1,,,LA CASA
691,-,*MENTITAS KIDS X12U. BANANA-,9999,0.00,0.00,1,,,LA CASA
692,-,*MENTITAS KIDS X12U. D/LECHE-,9999,0.00,0.00,1,,,LA CASA
693,-,*MENTITAS KIDS X12U. TUTTI-,9999,0.00,0.00,1,,,LA CASA
694,-,*AMBRO MENTITAS CHERRY X12-,9999,2288.70,2543.00,1,,,LA CASA
695,-,*AMBRO MENTITAS D/LECHE X12-,9999,2288.70,2543.00,1,,,LA CASA
696,-,*AMBRO MENTITAS DUO X12-,9999,2288.70,2543.00,1,,,LA CASA
697,-,*AMBRO MENTITAS FRUTALES X12-,9999,2288.70,2543.00,1,,,LA CASA
698,-,*AMBRO MENTITAS MENTA X12-,9999,2288.70,2543.00,1,,,LA CASA
699,-,*BULL DOG X12U EXTREME LIMON-,9999,2482.20,2758.00,1,,,LA CASA
700,-,*BULL DOG X12U MANDARINA-,9999,2482.20,2758.00,1,,,LA CASA
701,-,*BULL DOG X12U MANZANA-,9999,2482.20,2758.00,1,,,LA CASA
702,-,*BULL DOG X12U SANDIA-,9999,2482.20,2758.00,1,,,LA CASA
703,-,*BULL DOG X12U TUTI-FRUTI-,9999,2482.20,2758.00,1,,,LA CASA
704,-,*BULL DOG X12U UVA-,9999,2482.20,2758.00,1,,,LA CASA
705,-,*BULL DOG  X12U MIX UVA-MANDAR-,9999,2482.20,2758.00,1,,,LA CASA
706,-,*BULL DOG X12U MIX SANDIA-MANZ-,9999,2482.20,2758.00,1,,,LA CASA
707,-,*BULL DOG X12U MIX TUTI-LIMON-,9999,2482.20,2758.00,1,,,LA CASA
708,-,*GOTITA DE AMOR -,9999,2390.40,2656.00,1,,,LA CASA
709,-,*RING POP X24U.-,9999,5760.00,6400.00,1,,,LA CASA
710,-,*RING POP X12U-,9999,2980.80,3312.00,1,,,LA CASA
711,-,LA VIRG  CAFE SAQ. 20X5GS.,9999,3429.90,3811.00,1,,,LA VIRGINIA
712,-,LA VIRG CAFE  SAQ. 20UX7GS.,9999,5418.00,6020.00,1,,,LA VIRGINIA
713,-,LA VIRG CAFE INS. X100G,9999,3132.00,3480.00,1,,,LA VIRGINIA
714,-,LA VIRG CAFE INS. X170G,9999,5132.70,5703.00,1,,,LA VIRGINIA
715,-,LA VIRG CAFE INS. X50GS,9999,1950.30,2167.00,1,,,LA VIRGINIA
716,-,LA VIRG CAFE SUAVE X170,9999,5131.80,5702.00,1,,,LA VIRGINIA
717,-,LA VIRG CAFE SUAVE X50,9999,1950.30,2167.00,1,,,LA VIRGINIA
718,-,LA VIRG CAFE X125GS.,9999,2393.10,2659.00,1,,,LA VIRGINIA
719,-,"LA VIRG CAFE X250GS. ",9999,4281.30,4757.00,1,,,LA VIRGINIA
720,-,"LA VIRG CAFE X500GS. ",9999,8561.70,9513.00,1,,,LA VIRGINIA
721,-,LA VIRG CAP. D D/L X155 D/P,9999,3445.20,3828.00,1,,,LA VIRGINIA
722,-,LA VIRG CAP. MOUSE X155 D/P,9999,3445.20,3828.00,1,,,LA VIRGINIA
723,-,LA VIRG CAP. VAINILLA X155 DP,9999,3445.20,3828.00,1,,,LA VIRGINIA
724,-,LA VIRG CAPPUC.  MOUSSE SAQ. X10U.,9999,4153.50,4615.00,1,,,LA VIRGINIA
725,-,LA VIRG CAPPUC. CLASICO SAQ. X10U,9999,3445.20,3828.00,1,,,LA VIRGINIA
726,-,LA VIRG CORTADO X10 SAQ.,9999,0.00,0.00,1,,,LA VIRGINIA
727,-,LA VIRG ESPRESO 10X6GS.,9999,0.00,0.00,1,,,LA VIRGINIA
728,-,LA VIRG TE BOLDO X25SAQ,9999,1349.10,1499.00,1,,,LA VIRGINIA
729,-,LA VIRG TE C/LIMON X25 SAQ,9999,1306.80,1452.00,1,,,LA VIRGINIA
730,-,LA VIRG TE CANELA X25 SAQ,9999,1216.80,1352.00,1,,,LA VIRGINIA
731,-,LA VIRG TE CEDRON X25 SAQ,9999,1323.00,1470.00,1,,,LA VIRGINIA
732,-,LA VIRG TE CHAI X20SAQ.,9999,1252.80,1392.00,1,,,LA VIRGINIA
733,-,LA VIRG TE DURAZNO X25 SAQ,9999,1192.50,1325.00,1,,,LA VIRGINIA
734,-,LA VIRG TE FRUT/TROP X25SAQ.,9999,1403.10,1559.00,1,,,LA VIRGINIA
735,-,LA VIRG TE FRUTILLA  X25 SAQ,9999,1252.80,1392.00,1,,,LA VIRGINIA
736,-,LA VIRG TE JAZMIN X20SAQ.,9999,1207.80,1342.00,1,,,LA VIRGINIA
737,-,LA VIRG TE M/N/POM X25 SAQ,9999,1403.10,1559.00,1,,,LA VIRGINIA
738,-,LA VIRG TE MANZ/ANIS X25SAQ,9999,1442.70,1603.00,1,,,LA VIRGINIA
739,-,LA VIRG TE MANZANA/CANELA X20SAQ.,9999,1403.10,1559.00,1,,,LA VIRGINIA
740,-,LA VIRG TE MANZANILLA X25SAQ,9999,1161.00,1290.00,1,,,LA VIRGINIA
741,-,LA VIRG TE MARACUYA X20SAQ.,9999,1403.10,1559.00,1,,,LA VIRGINIA
742,-,LA VIRG TE MEZCLA HIERBAS X25SAQ,9999,1308.60,1454.00,1,,,LA VIRGINIA
743,-,LA VIRG TE MOS/MANZ X25SAQ,9999,1818.00,2020.00,1,,,LA VIRGINIA
744,-,LA VIRG TE MTA/PEPE. X25SAQ,9999,1083.60,1204.00,1,,,LA VIRGINIA
745,-,LA VIRG TE ROJO X25 SAQ,9999,1207.80,1342.00,1,,,LA VIRGINIA
746,-,LA VIRG TE SAQ  X25U. F/RAPIDO,9999,703.80,782.00,1,,,LA VIRGINIA
747,-,"LA VIRG TE SAQ. X50U. ",9999,1394.10,1549.00,1,,,LA VIRGINIA
748,-,LA VIRG TE TILO C/MANZ-,9999,1321.20,1468.00,1,,,LA VIRGINIA
749,-,LA VIRG TE TILO X25SAQ.,9999,1837.80,2042.00,1,,,LA VIRGINIA
750,-,LA VIRG TE VERDE C/CITRUS X25SAQ,9999,1206.90,1341.00,1,,,LA VIRGINIA
751,-,LA VIRG TE VERDE X25SAQ,9999,1063.80,1182.00,1,,,LA VIRGINIA
752,-,LA VIRG TE X100SAQ. F/R,9999,0.00,0.00,1,,,LA VIRGINIA
753,-,LA VIRGINIA CAP. LIGHT SAQ. X10U.,9999,3456.90,3841.00,1,,,LA VIRGINIA
754,-,LEIVA FAMIL X300G SANDW LIGHT,9999,819.00,910.00,1,,,LEIVA
755,-,LEIVA FAMIL. X300g. SANDWICH,9999,819.00,910.00,1,,,LEIVA
756,-,LEIVA FAMIL. x300g. SIN SAL,9999,792.00,880.00,1,,,LEIVA
757,-,LEIVA FAMIL. x330g. SALVADO,9999,900.00,1000.00,1,,,LEIVA
758,-,LEIVA LECHE X260GS.,9999,1006.20,1118.00,1,,,LEIVA
759,-,LEIVA MARIN LIGHT X420G,9999,0.00,0.00,1,,,LEIVA
760,-,LEIVA MARINERA X420GS.,9999,0.00,0.00,1,,,LEIVA
761,-,LEIVA SALVADO TRIPACK X420GS.,9999,0.00,0.00,1,,,LEIVA
762,-,LEIVA TOSTADA X150 CLASICA,9999,849.60,944.00,1,,,LEIVA
763,-,LEIVA TOSTADA X150 DULCE,9999,849.60,944.00,1,,,LEIVA
764,-,LEIVA TOSTADA X150 SIN SAL,9999,849.60,944.00,1,,,LEIVA
765,-,LEQ PAPA AMERICANA X100,9999,0.00,0.00,1,,,LEQ
766,-,LEQ PAPA AMERICANA X480,9999,0.00,0.00,1,,,LEQ
767,-,LEQ PAPA ESPAÑOLA X100G,9999,1027.80,1142.00,1,,,LEQ
768,-,LEQ PAPA ESPAÑOLA X280GS.,9999,2860.20,3178.00,1,,,LEQ
769,-,LEQ PAPA ESPAÑOLA X480GS.,9999,4275.00,4750.00,1,,,LEQ
770,-,LEQ PAPA ESPAÑOLA X65GS.,9999,717.30,797.00,1,,,LEQ
771,-,*LEVITE POMELO X50O-,9999,509.40,566.00,1,,,LEVITE
772,-,*LEVITE NARANJA X500 -,9999,509.40,566.00,1,,,LEVITE
773,-,*LEVITE PERA X500-,9999,509.40,566.00,1,,,LEVITE
774,-,*LEVITE MANZANA X5OO -,9999,509.40,566.00,1,,,LEVITE
775,-,*LHER. CHUPETON-CITO X12-,9999,4501.80,5002.00,1,,,LHER
776,-,*LHER. PICO DULCE 48X15G-,9999,5545.80,6162.00,1,,,LHER
777,-,*LHER. CARAMELO PICO D DURO-,9999,3582.00,3980.00,1,,,LHER
778,-,*LHER. CARAMELO PICO DUL MASTICABLE-,9999,2365.20,2628.00,1,,,LHER
779,-,*LHER. BABY DOLL 18X4U.-,9999,6049.80,6722.00,1,,,LHER
780,-,*LHER. BABY DOLL ACIDO 18X4U-,9999,6534.00,7260.00,1,,,LHER
781,-,*LHER. BABY DOLL 18X4U SORPRESA-,9999,0.00,0.00,1,,,LHER
782,-,*LIA SAPITO X24U MANI-,9999,3855.60,4284.00,1,,,LIA
783,-,*LIA SAPITO X24U. CHOCOLATOSO-,9999,3855.60,4284.00,1,,,LIA
784,-,*LIA SAPITO X24U. DULCE D/LECHE-,9999,3855.60,4284.00,1,,,LIA
785,-,*LIA SAPITO X24U. BLANCO-,9999,3855.60,4284.00,1,,,LIA
786,-,*LIA SAPITO X24 FRUTILLA-,9999,3855.60,4284.00,1,,,LIA
787,-,*LIA MEDIA TARDE SANDWICH-,9999,993.60,1104.00,1,,,LIA
788,-,*LIA MEDIA TARDE X315G.-,9999,809.10,899.00,1,,,LIA
789,-,*LIPO BOLON ANIS X900G.-,9999,3254.40,3616.00,1,,,LIPO
790,-,*LIPO BOLON CEREZA AZUC. X900-,9999,3254.40,3616.00,1,,,LIPO
791,-,*LIPO BOLON C-LECHE X900-,9999,3254.40,3616.00,1,,,LIPO
792,-,*LIPO BOLON COCO X900G.-,9999,3254.40,3616.00,1,,,LIPO
793,-,*LIPO BOLON DEPORLIPO X900-,9999,3254.40,3616.00,1,,,LIPO
794,-,*LIPO BOLON EUCALIPTO AZUC. X900-,9999,3254.40,3616.00,1,,,LIPO
795,-,*LIPO BOLON MENTA X900G.-,9999,3254.40,3616.00,1,,,LIPO
796,-,*LIPO CAPULLITAS X900G.-,9999,3254.40,3616.00,1,,,LIPO
797,-,*LIPO GAJITOS X900G.-,9999,3254.40,3616.00,1,,,LIPO
798,-,*LIPO MIEL X800GS.-,9999,3254.40,3616.00,1,,,LIPO
799,-,*LIPO PRALINE X900G.-,9999,3254.40,3616.00,1,,,LIPO
800,-,*LIPO SUPER ACIDOS X900G-,9999,3254.40,3616.00,1,,,LIPO
801,-,*LIPO TRONQUITO SURTIDO X800-,9999,3254.40,3616.00,1,,,LIPO
802,-,*LIPO VIENA X900G.-,9999,3254.40,3616.00,1,,,LIPO
803,-,"CEREALKO NACHOS KETCHUP ",9999,920.70,1023.00,1,,,MACRITAS
804,-,CEREALKO NACHOS QUESO,9999,920.70,1023.00,1,,,MACRITAS
805,-,CEREALKO NACHOS X150,9999,1206.00,1340.00,1,,,MACRITAS
806,-,CEREALKO NACHOS X250,9999,1690.20,1878.00,1,,,MACRITAS
807,-,CEREALKO NACHOS X90,9999,855.00,950.00,1,,,MACRITAS
808,-,MADINA CUBANITO 20X150GR,9999,16949.70,18833.00,1,,,MADINA
809,-,MAFALDA TRIANGULO X150GR,9999,519.30,577.00,1,,,MAFALDA
810,-,MAFALDA VARITA X150GR,9999,519.30,577.00,1,,,MAFALDA
811,-,*DETERGENTE MAGISTRAL x300ml x21u-,9999,1330.20,1478.00,1,,,magistral
812,-,MANIERI GLUT SALV. S/SAL 12X200,9999,7417.80,8242.00,1,,,MANIERI
813,-,MANIERI GLUTEN DULCE 12X200,9999,7417.80,8242.00,1,,,MANIERI
814,-,MANIERI GLUTEN MESA 12X200,9999,7418.70,8243.00,1,,,MANIERI
815,-,MANIERI GLUTEN S/SAL 12X200,9999,7417.80,8242.00,1,,,MANIERI
816,-,MANIERI GLUTEN SALVADO 12X200,9999,7417.80,8242.00,1,,,MANIERI
817,-,MANIERI LIGHT 12X200,9999,8406.90,9341.00,1,,,MANIERI
818,-,MAURI FAUNA X150GS.,9999,387.49,430.54,1,,,MAURI
819,-,MAURI FAUNA X400GS.,9999,997.20,1108.00,1,,,MAURI
820,-,MAURI VAINILLA X160GS.,9999,642.60,714.00,1,,,MAURI
821,-,MAURI VAINILLA X320GS.,9999,1242.00,1380.00,1,,,MAURI
822,-,MAURI VAINILLA X80GS.,9999,292.00,324.45,1,,,MAURI
823,-,*MENTOS MENTA X20 U -,9999,5436.00,6040.00,1,,,"MENTOS "
824,-,*MENTOS MAGIC X20 U-,9999,5436.00,6040.00,1,,,"MENTOS "
825,-,*MENTOS FRUTILLA X 20 U -,9999,5436.00,6040.00,1,,,"MENTOS "
826,-,*MENTOS FRUTA FRUT X20 U -,9999,5436.00,6040.00,1,,,"MENTOS "
827,-,*MENTOS TUTI FRUTI X 20 U -,9999,5436.00,6040.00,1,,,"MENTOS "
828,-,*MILKA OREO CHOCO X100 IMPORTADO-,9999,2646.00,2940.00,1,,,MILKA
829,-,*MILKA OREO BROWNIE X100 IMPORTADO-,9999,2646.00,2940.00,1,,,MILKA
830,-,*MILKA CHOCO OREO IMPORTADO X300 -,9999,7650.00,8500.00,1,,,MILKA
831,-,*MILKA CHOCO GALLE IMPORTADO X 300 -,9999,7650.00,8500.00,1,,,MILKA
832,-,*MILKA ALMENDRA X55GR,9999,1422.00,1580.00,1,,,MILKA
833,-,*MILKA LILA GO OREO X36U,9999,900.00,1000.00,1,,,"MILKA "
834,-,*MISKY GOMA FANTASIA X1K-,9999,5020.20,5578.00,1,,,MISKY
835,-,*MISKY JELLY ROLL X1KG.-,9999,5020.20,5578.00,1,,,MISKY
836,-,ROMPE MUELAS X50U.-,9999,0.00,0.00,1,,,MISKY
837,-,*SUGUS ESTUCHE X6U. CLASICO-,9999,720.00,800.00,1,,,MISKY
838,-,*SUGUS X700G.-,9999,4098.60,4554.00,1,,,MISKY
839,-,*SUGUS MAX X70 FRUTILLA-,9999,3663.90,4071.00,1,,,MISKY
840,-,*SUGUS MAX X70 SANDIA-,9999,3663.90,4071.00,1,,,MISKY
841,-,*SUGUS MAX X70 TUTI-FRUTI-,9999,3663.90,4071.00,1,,,MISKY
842,-,*SUGUS MAX X70 UVA-,9999,3663.90,4071.00,1,,,MISKY
843,-,*MISKY CHOCOLATIN NEGRO 25 gr x30u-,9999,13455.00,14950.00,1,,,MISKY
844,-,*MISKY CHOCOLATIN BLANCO 25gr x30u-,9999,13455.00,14950.00,1,,,MISKY
845,-,*MISKY CHOCOLATIN NEGRO 8gr-,9999,3883.50,4315.00,1,,,MISKY
846,-,*MISKY CHOCOLATIN BLANCO 8gr-,9999,3883.50,4315.00,1,,,MISKY
847,-,*MISKY TURRON MANI 50X30-,9999,6106.50,6785.00,1,,,MISKY
848,-,*LIA ALKA CHERRY X800GS.-,9999,5796.00,6440.00,1,,,MISKY
849,-,*LIA ALKA CREMOSO X880-,9999,5796.00,6440.00,1,,,MISKY
850,-,*LIA ALKA EUCALIP X800-,9999,5796.00,6440.00,1,,,MISKY
851,-,*LIA ALKA MENTA X800GS.-,9999,5796.00,6440.00,1,,,MISKY
852,-,*LIA ALKA STRONG X800GS.-,9999,5796.00,6440.00,1,,,MISKY
853,-,*LIA ALKA SURTIDO X800GS-,9999,5796.00,6440.00,1,,,MISKY
854,-,*MISKY ROLLO X 12 U -,9999,2403.00,2670.00,1,,,MISKY
855,-,*MISKY MASTICABLE-,9999,3912.30,4347.00,1,,,MISKY
856,-,*STANI BELDENT X20 FRUTILLA -,9999,7245.00,8050.00,1,,,"MONDELEZ "
857,-,*STANI BELDENT X20 MENTA,9999,7245.00,8050.00,1,,,"MONDELEZ "
858,-,*STANI BELDENT X20 MENTOL-,9999,7245.00,8050.00,1,,,"MONDELEZ "
859,-,*STANI BELDENT X20 NEGRO-,9999,7245.00,8050.00,1,,,"MONDELEZ "
860,-,*STANI BELDENT X20 TUTI-FRUTI-,9999,7245.00,8050.00,1,,,"MONDELEZ "
861,-,*STANI BELDENT X20 SANDIA-,9999,7245.00,8050.00,1,,,"MONDELEZ "
862,-,*STANI BELDENT INFINIT AZUL X 14,9999,13816.80,15352.00,1,,,"MONDELEZ "
863,-,*STANI BELDENT INFINIT VERDE X 14,9999,13816.80,15352.00,1,,,"MONDELEZ "
864,-,*STANI BELDENT INFINIT NARANJA X 14,9999,13816.80,15352.00,1,,,"MONDELEZ "
865,-,*STANI BELDENT INFINIT TUTI X 14,9999,13816.80,15352.00,1,,,"MONDELEZ "
866,-,*BAZOOKA TUTI FRUTI X120 U -,9999,3559.50,3955.00,1,,,"MONDELEZ "
867,-,*BAZOOKA MENTA X120 U -,9999,3559.50,3955.00,1,,,"MONDELEZ "
868,-,*BUBBALOO UVA X60 U -,9999,3881.70,4313.00,1,,,"MONDELEZ "
869,-,*BUBBALOO FRUTILLA X60 U -,9999,3881.70,4313.00,1,,,"MONDELEZ "
870,-,*BUBBALOO TUTI FRUTI X60 U -,9999,3881.70,4313.00,1,,,"MONDELEZ "
871,-,*BUBBALOO MENTA X60 U -,9999,3881.70,4313.00,1,,,"MONDELEZ "
872,-,*STANI MIEL Y MENTA X12 U-,9999,5998.50,6665.00,1,,,"MONDELEZ "
873,-,*STANI MIEL Y LIMON X12 U-,9999,5998.50,6665.00,1,,,"MONDELEZ "
874,-,*HALLS CHERRY X 12 U-,9999,5998.50,6665.00,1,,,"MONDELEZ "
875,-,*HALLS MIEL X12 U-,9999,5998.50,6665.00,1,,,"MONDELEZ "
876,-,*HALLS MENTA X12U-,9999,5998.50,6665.00,1,,,"MONDELEZ "
877,-,*HALLS COLOR X12 U -,9999,0.00,0.00,1,,,"MONDELEZ "
878,-,*HALLS AZUL X12 U -,9999,5998.50,6665.00,1,,,"MONDELEZ "
879,-,*HALLS SANDIA X12 U-,9999,5998.50,6665.00,1,,,"MONDELEZ "
880,-,*VITA-C FRUTILLA HALLS X12 U-,9999,5998.50,6665.00,1,,,"MONDELEZ "
881,-,*VITA-C NARANJA HALLS X12 U -,9999,5998.50,6665.00,1,,,"MONDELEZ "
882,-,*HALLS NEGRO X12 U -,9999,5998.50,6665.00,1,,,"MONDELEZ "
883,-,*HALLS FREE VERDE X12U,9999,7173.00,7970.00,1,,,"MONDELEZ "
884,-,"*HALLS FREE ROJA X12 U ",9999,7173.00,7970.00,1,,,"MONDELEZ "
885,-,"*CLIGHT FRAMBUESA X12 U ",9999,7131.60,7924.00,1,,,"MONDELEZ "
886,-,"*CLIGHT NARANJA X12 U ",9999,7131.60,7924.00,1,,,"MONDELEZ "
887,-,*MILKA BON O BON MILKA OREO X13 U-,9999,0.00,0.00,1,,,"MONDELEZ "
888,-,*MILKA ALF TRIPLE MOUSSE X1 U -,9999,855.00,950.00,1,,,"MONDELEZ "
889,-,*MILKA ALF TRIPLE BLANCO X1 U -,9999,855.00,950.00,1,,,"MONDELEZ "
890,-,*SHOT ALF TRIPLE X1 U-,9999,855.00,950.00,1,,,"MONDELEZ "
891,-,*OREO ALF TRIPLE X1 U -,9999,855.00,950.00,1,,,"MONDELEZ "
892,-,*MILKA ALF TORTA OREO X1 U -,9999,855.00,950.00,1,,,"MONDELEZ "
893,-,*MILKA ALF DULCE DE LECHE TRIPLE X1 U -,9999,855.00,950.00,1,,,"MONDELEZ "
894,-,*TERRABUSI ALFA DULCE DE LECHE TRIPLE X1 U -,9999,855.00,950.00,1,,,"MONDELEZ "
895,-,*TERRABUSI ALFA TORTA TRIPLE X1 U -,9999,855.00,950.00,1,,,"MONDELEZ "
896,-,*PEPITOS ALFA TRIPLE X1 U -,9999,855.00,950.00,1,,,"MONDELEZ "
897,-,*OREO BAÑADA NEGRA-,9999,0.00,0.00,1,,,"MONDELEZ "
898,-,*OREO BAÑADA BLANCA -,9999,0.00,0.00,1,,,"MONDELEZ "
899,-,*STANI LENGUETAZO TUTI X32,9999,3721.50,4135.00,1,,,"MONDELEZ "
900,-,*TERRA TITA X18UN.-,9999,428.40,476.00,1,,,"MONDELEZ "
901,-,*TERRA RHODESIA X18U.-,9999,466.20,518.00,1,,,"MONDELEZ "
902,-,*MILKA LEGER LECHE X50 GRS-,9999,1791.00,1990.00,1,,,"MONDELEZ "
903,-,*MILKA LEGER LECHE X110 GRS-,9999,0.00,0.00,1,,,"MONDELEZ "
904,-,*MILKA LEGER ALMENDRA X50 GRS-,9999,1791.00,1990.00,1,,,"MONDELEZ "
905,-,*MILKA LEGER ALMENDRA X110 GRS-,9999,0.00,0.00,1,,,"MONDELEZ "
906,-,*MILKA LEGER COMBINADO X50 GRS-,9999,1791.00,1990.00,1,,,"MONDELEZ "
907,-,*MILKA LEGER COMBINADO X110 GRS-,9999,0.00,0.00,1,,,"MONDELEZ "
908,-,*MILKA AIREADO LECHE X50 GRS -,9999,1791.00,1990.00,1,,,"MONDELEZ "
909,-,*MILKA AIREADO LECHE X110 GRS-,9999,0.00,0.00,1,,,"MONDELEZ "
910,-,*MILKA OREO BLANCO X55 GRS -,9999,1966.50,2185.00,1,,,"MONDELEZ "
911,-,*MILKA BLANCO X55 GRS-,9999,1964.70,2183.00,1,,,"MONDELEZ "
912,-,*MILKA LECHE X55 GRS-,9999,1966.50,2185.00,1,,,"MONDELEZ "
913,-,*MILKA ALMENDRA X55 GRS-,9999,1966.50,2185.00,1,,,"MONDELEZ "
914,-,*MILKA OREO BLANCO X155 GRS-,9999,0.00,0.00,1,,,"MONDELEZ "
915,-,*MILKA ALMENDRA x155 gr-,9999,0.00,0.00,1,,,"MONDELEZ "
916,-,*milka leche x155 gr-,9999,0.00,0.00,1,,,"MONDELEZ "
917,-,*MILKA CASTAÑAS X 55 GRS-,9999,1966.50,2185.00,1,,,"MONDELEZ "
918,-,*MILKA CASTAÑA x155 gr-,9999,0.00,0.00,1,,,"MONDELEZ "
919,-,*SHOT TABLETA X170-,9999,3571.20,3968.00,1,,,"MONDELEZ "
920,-,*SHOT TABLETA X90GS.-,9999,2322.00,2580.00,1,,,"MONDELEZ "
921,-,*SHOT BLOQUECITO 5X35GS.-,9999,837.00,930.00,1,,,"MONDELEZ "
922,-,*CADBURY 3 SUEÑOS 12X23G-,9999,12312.00,13680.00,1,,,"MONDELEZ "
923,-,*CADBURY 3 SUEÑOS x80 gr-,9999,2709.00,3010.00,1,,,"MONDELEZ "
924,-,*CADBURY YOGHUR FRUTILLA 12X27G-,9999,12267.00,13630.00,1,,,"MONDELEZ "
925,-,*CADBURY YOGHUR FRUTILLA x80 gr-,9999,2709.00,3010.00,1,,,"MONDELEZ "
926,-,*CADBURY ALMENDRA 80Gr-,9999,2709.00,3010.00,1,,,"MONDELEZ "
927,-,*CADBURY YOGHUR FRUTILLA X162 GRS-,9999,0.00,0.00,1,,,"MONDELEZ "
928,-,*CADBURY ALMENDRA X162 GRS-,9999,0.00,0.00,1,,,"MONDELEZ "
929,-,*CADBURY TRES SUEÑOS X162 GRS-,9999,0.00,0.00,1,,,"MONDELEZ "
930,-,*TANG X20  MANZANA-,9999,4222.80,4692.00,1,,,"MONDELEZ "
931,-,*TANG X20 ANANA-,9999,4222.80,4692.00,1,,,"MONDELEZ "
932,-,*TANG X20 DURAZNO-,9999,4222.80,4692.00,1,,,"MONDELEZ "
933,-,*TANG X20 LIMONADA-,9999,4222.80,4692.00,1,,,"MONDELEZ "
934,-,*TANG X20 MANDARINA-,9999,4222.80,4692.00,1,,,"MONDELEZ "
935,-,*TANG X20 MULTIFRUTA-,9999,4222.80,4692.00,1,,,"MONDELEZ "
936,-,*TANG X20 NARA-DURAZNO-,9999,4222.80,4692.00,1,,,"MONDELEZ "
937,-,*TANG X20 NARANJA-,9999,4222.80,4692.00,1,,,"MONDELEZ "
938,-,*TANG X20 NAR-BANANA-,9999,4222.80,4692.00,1,,,"MONDELEZ "
939,-,*TANG X20 NAR-DULCE-,9999,4222.80,4692.00,1,,,"MONDELEZ "
940,-,*TANG X20 NAR-MANGO-,9999,4222.80,4692.00,1,,,"MONDELEZ "
941,-,*TANG X20 PERA-,9999,4222.80,4692.00,1,,,"MONDELEZ "
942,-,*TANG X20 POMELO ROSADO-,9999,4222.80,4692.00,1,,,"MONDELEZ "
943,-,*CLIGHT  X20U ANANA JUGO-,9999,4222.80,4692.00,1,,,"MONDELEZ "
944,-,*CLIGHT  X20U LIMONADA JUGO-,9999,4222.80,4692.00,1,,,"MONDELEZ "
945,-,*CLIGHT  X20U MANGO/PERA JUGO-,9999,4222.80,4692.00,1,,,"MONDELEZ "
946,-,*CLIGHT  X20U MANZ. VERDE JUGO-,9999,4222.80,4692.00,1,,,"MONDELEZ "
947,-,*CLIGHT  X20U NAR/MANGO JUGO-,9999,4222.80,4692.00,1,,,"MONDELEZ "
948,-,*CLIGHT  X20U NARA-DURAZNO JUGO-,9999,4222.80,4692.00,1,,,"MONDELEZ "
949,-,*CLIGHT  X20U NARANJA -,9999,4222.80,4692.00,1,,,"MONDELEZ "
950,-,*CLIGHT  X20U PERA JUGO-,9999,4222.80,4692.00,1,,,"MONDELEZ "
951,-,*CLIGHT  X20U POM/AMARILLO JUGO-,9999,4222.80,4692.00,1,,,"MONDELEZ "
952,-,*CLIGHT  X20U POM/ROSADO JUGO-,9999,4222.80,4692.00,1,,,"MONDELEZ "
953,-,*CLIGHT X20U MANDARINA JUGO-,9999,4222.80,4692.00,1,,,"MONDELEZ "
954,-,*CLIGHT X20U MANZ ROJA JUGO-,9999,4222.80,4692.00,1,,,"MONDELEZ "
955,-,*CLIGHT X20U NARA DULCE JUGO-,9999,4222.80,4692.00,1,,,"MONDELEZ "
956,-,*TERRA PEPITOS X118GS.-,9999,957.60,1064.00,1,,,"MONDELEZ "
957,-,*TERRA OREO X117 (36U)-,9999,1019.70,1133.00,1,,,"MONDELEZ "
958,-,*TERRA LINCOLN CLASICA-,9999,972.00,1080.00,1,,,"MONDELEZ "
959,-,*CANALE CEREALITA X207GS-,9999,1093.50,1215.00,1,,,"MONDELEZ "
960,-,*TERRA EXPRESS X108GS.-,9999,0.00,0.00,1,,,"MONDELEZ "
961,-,*TERRA EXPRESS X303GS.,9999,0.00,0.00,1,,,"MONDELEZ "
962,-,*TERRA VARIEDAD X400 GR-,9999,1593.90,1771.00,1,,,"MONDELEZ "
963,-,*MINI OREO X50 GR-,9999,567.00,630.00,1,,,"MONDELEZ "
964,-,*CLUB SOCIAL CLASICA X6 U-,9999,1476.00,1640.00,1,,,"MONDELEZ "
965,-,*MINI PEPITOS 50GR X54UN-,9999,513.00,570.00,1,,,"MONDELEZ "
966,-,*TOBLERONE X100GR X20U,9999,0.00,0.00,1,,,"MONDELEZ "
967,-,*OREO SIN TACC X24,9999,0.00,0.00,1,,,"MONDELEZ "
968,-,LA MOREN CAFE 20SAQ. X5,9999,2907.90,3231.00,1,,,MORENITA
969,-,LA MOREN CAFE INST. X100,9999,2137.50,2375.00,1,,,MORENITA
970,-,LA MOREN CAFE INST. X170,9999,3872.70,4303.00,1,,,MORENITA
971,-,LA MOREN CAFE X125G.,9999,1596.60,1774.00,1,,,MORENITA
972,-,"LA MOREN CAFE X250G ",9999,2939.40,3266.00,1,,,MORENITA
973,-,LA MOREN CAFE X500G CLASICO,9999,5220.90,5801.00,1,,,MORENITA
974,-,LA MOREN TE BOLDO   X20,9999,0.00,0.00,1,,,MORENITA
975,-,LA MOREN TE HIERBAS X20,9999,0.00,0.00,1,,,MORENITA
976,-,LA MOREN TE MANZAN. X20,9999,0.00,0.00,1,,,MORENITA
977,-,LA MOREN TE SAQ. X100U.,9999,0.00,0.00,1,,,MORENITA
978,-,"LA MOREN TE SAQ. X25 ",9999,0.00,0.00,1,,,MORENITA
979,-,LA MOREN TE SAQ. X50U R,9999,0.00,0.00,1,,,MORENITA
980,-,LA MOREN TE TILO X20SAQ,9999,0.00,0.00,1,,,MORENITA
981,-,LA MORENITA CAPP DP X125,9999,0.00,0.00,1,,,MORENITA
982,-,*MR MUSCULO LIMPIA HORNO X12-,9999,0.00,0.00,1,,,MR MUSCULO
983,-,*MYM AMARILLO X48 U-,9999,1620.00,1800.00,1,,,mym
984,-,*MYM MARRON X48 U-,9999,1620.00,1800.00,1,,,mym
985,-,*MYM MINI -,9999,0.00,0.00,1,,,mym
986,-,*NATURA MAYONES X118 GR 20-,9999,456.30,507.00,1,,,NATURA
987,-,*NATURA MAYONESA X500 GR-,9999,2049.30,2277.00,1,,,NATURA
988,-,*NATURA MAYOMONES X250 GR-,9999,1087.20,1208.00,1,,,NATURA
989,-,*NATURA MAYONESA X 1 KG-,9999,3726.00,4140.00,1,,,NATURA
990,-,*NESTLE KIT-KAT 24X45GS.-,9999,699.30,777.00,1,,,NESTLE
991,-,*NESTLE KIT-KAT X24 DARK-,9999,699.30,777.00,1,,,NESTLE
992,-,*NESTLE KIT-KAT X24 WHITE-,9999,699.30,777.00,1,,,NESTLE
993,-,*NESQUIK X180 -,9999,1299.60,1444.00,1,,,NESTLE
994,-,*NESQUIK X360 -,9999,2329.20,2588.00,1,,,NESTLE
995,-,*NEVAR TURR D/MANI X50U.-,9999,6456.60,7174.00,1,,,NEVARES
996,-,NS GALLETA X300 5 CEREALES,9999,783.00,870.00,1,,,NS
997,-,NS GALLETA X300 AVENA,9999,783.00,870.00,1,,,NS
998,-,NS GALLETA X300 C/SAL,9999,783.00,870.00,1,,,NS
999,-,NS GALLETA X300 CHIA LIGHT,9999,783.00,870.00,1,,,NS
1000,-,NS GALLETA X300 GLUTEN,9999,783.00,870.00,1,,,NS
1001,-,NS GALLETA X300 LIGHT,9999,783.00,870.00,1,,,NS
1002,-,NS GALLETA X300 LINO/CHIA,9999,783.00,870.00,1,,,NS
1003,-,NS GALLETA X300 LINO-CHIA S/SAL,9999,783.00,870.00,1,,,NS
1004,-,NS GALLETA X300 MAIZ,9999,783.00,870.00,1,,,NS
1005,-,NS GALLETA X300 MAIZ S/SAL,9999,783.00,870.00,1,,,NS
1006,-,NS GALLETA X300 MIX 7 SEMILLAS,9999,783.00,870.00,1,,,NS
1007,-,NS GALLETA X300 S/SAL,9999,783.00,870.00,1,,,NS
1008,-,NS GALLETA X300 SESAMO,9999,783.00,870.00,1,,,NS
1009,-,NS GALLETA X300 SOJA,9999,783.00,870.00,1,,,NS
1010,-,NS GALLETA X300 VEGANA,9999,783.00,870.00,1,,,NS
1011,-,*NUGATON NEGRO X24,9999,9832.50,10925.00,1,,,NUGATON
1012,-,*NUGATON BLANCO X24,9999,9832.50,10925.00,1,,,NUGATON
1013,-,*NUGATON BLACK X24,9999,9832.50,10925.00,1,,,NUGATON
1014,-,*NUTELA X140GR-,9999,2745.90,3051.00,1,,,NUTELA
1015,-,*NUTELA X 350GR-,9999,4271.40,4746.00,1,,,"NUTELA "
1016,-,OKEBON GIROTONDO CHOCOLATADA X254,9999,1000.80,1112.00,1,,,OKEBON
1017,-,OKEBON GIROTONDO X224GS,9999,1000.80,1112.00,1,,,OKEBON
1018,-,OKEBON LECHE C/D.LECHE X273,9999,963.00,1070.00,1,,,OKEBON
1019,-,OKEBON LECHE CHOC X273,9999,1000.80,1112.00,1,,,OKEBON
1020,-,OKEBON LECHE X165,9999,623.70,693.00,1,,,OKEBON
1021,-,OKEBON LECHE X273,9999,963.00,1070.00,1,,,OKEBON
1022,-,OKEBON MOLI AVENA-CACAO X240,9999,1156.50,1285.00,1,,,OKEBON
1023,-,OKEBON MOLI AVENA-GRANOLA X255,9999,1156.50,1285.00,1,,,OKEBON
1024,-,OKEBON MOLI AVENA-PASAS X247,9999,1156.50,1285.00,1,,,OKEBON
1025,-,OKEBON MOLI NARANJA-CHIP X253,9999,1156.50,1285.00,1,,,OKEBON
1026,-,OKEBON MOLI SEMILLAS X231,9999,1156.50,1285.00,1,,,OKEBON
1027,-,OKEBON PANAL CHOCOLATE X242,9999,1000.80,1112.00,1,,,OKEBON
1028,-,OKEBON PANAL COCO X242,9999,1000.80,1112.00,1,,,OKEBON
1029,-,OKEBON PANAL VAINILLA X242,9999,1000.80,1112.00,1,,,OKEBON
1030,-,*ORENSE ALFAJOR NEGRO X12,9999,549.00,610.00,1,,,ORENSE
1031,-,*ORENSE ALFAJOR BLANCO X12,9999,549.00,610.00,1,,,ORENSE
1032,-,*ORENSE ALFAJOR MIXTO X12,9999,549.00,610.00,1,,,ORENSE
1033,-,*PILAS PANASONIC aa X12 U -,9999,315.00,350.00,1,,,PANASONIC
1034,-,*PILAS PANASONIC aaa X10 U -,9999,315.00,350.00,1,,,PANASONIC
1035,-,PAR-NOR PITUSAS JALEA X140GS,9999,582.30,647.00,1,,,PAR-NOR
1036,-,"PAR-NOR PITUSAS X120 MERENGUE ",9999,582.30,647.00,1,,,PAR-NOR
1037,-,PAR-NOR  PITUSA X130 BLACK,9999,582.30,647.00,1,,,PAR-NOR
1038,-,PAR-NOR CHIPS X120,9999,582.30,647.00,1,,,PAR-NOR
1039,-,PAR-NOR COCO X170,9999,527.40,586.00,1,,,PAR-NOR
1040,-,PAR-NOR COQUITOS X170,9999,527.40,586.00,1,,,PAR-NOR
1041,-,PAR-NOR MANTECADAS X170,9999,527.40,586.00,1,,,PAR-NOR
1042,-,PAR-NOR MOROCHITAS X140,9999,527.40,586.00,1,,,PAR-NOR
1043,-,PAR-NOR PITUSA X300G CHOCOL.,9999,1039.50,1155.00,1,,,PAR-NOR
1044,-,PAR-NOR PITUSA X300G FRUTILLA,9999,1039.50,1155.00,1,,,PAR-NOR
1045,-,PAR-NOR PITUSA X300G VAINILLA,9999,1039.50,1155.00,1,,,PAR-NOR
1046,-,PAR-NOR PITUSAS X160 CHOCOLATE,9999,582.30,647.00,1,,,PAR-NOR
1047,-,PAR-NOR PITUSAS X160 FRUTILLA,9999,582.30,647.00,1,,,PAR-NOR
1048,-,PAR-NOR PITUSAS X160 LIMON,9999,582.30,647.00,1,,,PAR-NOR
1049,-,PAR-NOR PITUSAS X160 MOUSSE,9999,582.30,647.00,1,,,PAR-NOR
1050,-,PAR-NOR PITUSAS X160 VAINILLA,9999,582.30,647.00,1,,,PAR-NOR
1051,-,PAR-NOR SUAVECITA X140,9999,527.40,586.00,1,,,PAR-NOR
1052,-,PASEO 5 SEMILLAS X300,9999,762.84,847.60,1,,,PASEO
1053,-,PASEO SESAMO X300,9999,762.84,847.60,1,,,PASEO
1054,-,PASEO CRACKERS X300G.,9999,631.80,702.00,1,,,PASEO
1055,-,PASEO MULTICEREAL X300,9999,762.84,847.60,1,,,PASEO
1056,-,PASEO SALVADO X300G.,9999,762.84,847.60,1,,,PASEO
1057,-,PASEO SIN SAL X300,9999,631.80,702.00,1,,,PASEO
1058,-,*POXI-RAN X6U-,9999,1993.50,2215.00,1,,,PEGAMENTOS
1059,-,*POXILINA X6 U-,9999,3077.10,3419.00,1,,,PEGAMENTOS
1060,-,*UNIPOX X6U-,9999,1074.60,1194.00,1,,,PEGAMENTOS
1061,-,*FASTIX X6 U-,9999,2685.60,2984.00,1,,,PEGAMENTOS
1062,-,*ECCOLE X6 U-,9999,2603.70,2893.00,1,,,PEGAMENTOS
1063,-,*EL PULPITO X6 U-,9999,2908.80,3232.00,1,,,PEGAMENTOS
1064,-,*LA GOTITA X6 U -,9999,1051.20,1168.00,1,,,PEGAMENTOS
1065,-,*LA GOTITA EN GEL X6 U-,9999,1402.20,1558.00,1,,,PEGAMENTOS
1066,-,*POXIPOL X6 U -,9999,3077.10,3419.00,1,,,PEGAMENTOS
1067,-,*POXIPOL TRANSPARENTE X6 U-,9999,3077.10,3419.00,1,,,PEGAMENTOS
1068,-,*PEHUAMAR PAPAS FRITAS X500 GRS-,9999,4606.20,5118.00,1,,,PEHUAMAR
1069,-,*PEHUAMAR PAPAS ACANALADAS X500 GRS-,9999,4606.20,5118.00,1,,,PEHUAMAR
1070,-,*PEHUAMAR MAICITOS X285 GR-,9999,2794.50,3105.00,1,,,PEHUAMAR
1071,-,*PEPSI LATA -,9999,594.00,660.00,1,,,PEPSI
1072,-,*PEPSI BLACK 500 X12,9999,594.00,660.00,1,,,PEPSI
1073,-,*MIRINDA X500 X12,9999,594.00,660.00,1,,,PEPSI
1074,-,*7UP LIGHT X500 X12,9999,594.00,660.00,1,,,PEPSI
1075,-,*PEPSI X500 ML-,9999,594.00,660.00,1,,,PEPSI
1076,-,*PICNIC 1X40-,9999,8550.00,9500.00,1,,,PICNIC
1077,-,PINDY CRACKERS X306GS,9999,612.90,681.00,1,,,pindy
1078,-,*PIPAS COMUNES X30U.-,9999,4761.00,5290.00,1,,,PIPAS
1079,-,*PIPAS GIGANTES X12U-,9999,4709.70,5233.00,1,,,PIPAS
1080,-,*PIPAS PELADAS 1X20.-,9999,4554.00,5060.00,1,,,PIPAS
1081,-,ESTANCIA EL PLACER DULCE  REPOSTERO X12,9999,1387.80,1542.00,1,,,PLASER
1082,-,"ESTANCIA EL PLACER DULCE  X12 ",9999,1181.70,1313.00,1,,,PLASER
1083,-,POZO MADALENA  MARMOLADA X220,9999,1017.00,1130.00,1,,,POZO
1084,-,POZO MADALENA  RELL F/BOSQUE X250,9999,1017.00,1130.00,1,,,POZO
1085,-,POZO MADALENA C/CHIPS X220,9999,1017.00,1130.00,1,,,POZO
1086,-,POZO MADALENA COCO/D. LECHE X220G.,9999,1017.00,1130.00,1,,,POZO
1087,-,POZO MADALENA LIMON X220,9999,1017.00,1130.00,1,,,POZO
1088,-,POZO MADALENA MADACHOC X220,9999,1017.00,1130.00,1,,,POZO
1089,-,POZO MADALENA RELL  D/LECHE X220,9999,1017.00,1130.00,1,,,POZO
1090,-,POZO MADALENA RELL CHOCO X250,9999,1017.00,1130.00,1,,,POZO
1091,-,POZO MADALENA X200GS.,9999,1017.00,1130.00,1,,,POZO
1092,-,POZO VAINILLA X148GS.,9999,650.70,723.00,1,,,POZO
1093,-,POZO VAINILLA X444GS.,9999,1877.40,2086.00,1,,,POZO
1094,-,*PRIME TEXTURADO -,9999,1531.80,1702.00,1,,,PRIME
1095,-,*PRIME ESPERMICIDA-,9999,1531.80,1702.00,1,,,PRIME
1096,-,*PRIME MEGA-,9999,1531.80,1702.00,1,,,PRIME
1097,-,*PRIME SUPER FINO-,9999,1531.80,1702.00,1,,,PRIME
1098,-,*PRIME EXTRA LUBRICADO-,9999,1531.80,1702.00,1,,,PRIME
1099,-,*PRIME EXPERMICIDA-,9999,1531.80,1702.00,1,,,PRIME
1100,-,*PRIME ULTRA FINO-,9999,1531.80,1702.00,1,,,PRIME
1101,-,*PRIME TACHAS-,9999,1531.80,1702.00,1,,,PRIME
1102,-,*PRIME ULTRA FINO-,9999,1531.80,1702.00,1,,,PRIME
1103,-,*PRIME RETARDANTE -,9999,1531.80,1702.00,1,,,PRIME
1104,-,*PRIME ANATOMICO-,9999,1531.80,1702.00,1,,,PRIME
1105,-,*PRINGLES ORIGINAL X27 GRS-,9999,1440.00,1600.00,1,,,pringles
1106,-,*PRIGLES ORIGINAL X104 GRS-,9999,3420.00,3800.00,1,,,pringles
1107,-,*PRINGLES QUESO X27 GRS-,9999,0.00,0.00,1,,,pringles
1108,-,*PRINGLES QEESO X104 GRS-,9999,0.00,0.00,1,,,pringles
1109,-,*PRINGLES CEBOLLA Y CREMA X27GRS -,9999,1440.00,1600.00,1,,,pringles
1110,-,*PRINGRES CEBOLLA Y CREMA X104 GRS-,9999,0.00,0.00,1,,,pringles
1111,-,*PRINGLES CHEDDAR X27 GRS-,9999,0.00,0.00,1,,,pringles
1112,-,*PUSH POP DUO X20U.-,9999,6727.50,7475.00,1,,,push pop
1113,-,*PUSH POP CARITA X20U.-,9999,6727.50,7475.00,1,,,push pop
1114,-,*RAPSODIA MINI TORTA X24-,9999,9180.00,10200.00,1,,,RAPSODIA
1115,-,*ALFAJOR RASTA NEGRO-,9999,720.00,800.00,1,,,RASTA
1116,-,*ALFAJOR RASTA BLANCO -,9999,720.00,800.00,1,,,RASTA
1117,-,RC SIN SAL X225G,9999,729.00,810.00,1,,,RC
1118,-,RC SIN SAL X450G.,9999,1386.00,1540.00,1,,,RC
1119,-,*RELYAN GOMA X800 EUCALIPTO -,9999,2880.00,3200.00,1,,,relyan
1120,-,*RELYAN GOMA X800 FRUTAL -,9999,2880.00,3200.00,1,,,relyan
1121,-,*RELYAN GOMA X800 MENTOL-,9999,2880.00,3200.00,1,,,relyan
1122,-,*RELYAN GOMA X800 ROSA -,9999,2880.00,3200.00,1,,,relyan
1123,-,RELYAN ORUZUS,9999,0.00,0.00,1,,,relyan
1124,-,REY MERENGUITO 20X100GR,9999,16168.50,17965.00,1,,,REY
1125,-,RIERA X200 DULCE,9999,868.50,965.00,1,,,riera
1126,-,RIERA X200 LIGHT,9999,868.50,965.00,1,,,riera
1127,-,RIERA X200 S/SAL,9999,868.50,965.00,1,,,riera
1128,-,RIERA X200 SALVADO,9999,0.00,0.00,1,,,riera
1129,-,RIERA TOSTA MULTISEMILLA 18X200,9999,16452.00,18280.00,1,,,riera
1130,-,RIERA TOSTADA DE ARROZ X150 DULCE,9999,1324.80,1472.00,1,,,riera
1131,-,RIERA REINITA 18X200GS.,9999,14254.20,15838.00,1,,,riera
1132,-,RIERA TOSTA LIGHT 18X200,9999,16450.20,18278.00,1,,,riera
1133,-,RIERA TOSTADIET MESA 18X200,9999,14253.30,15837.00,1,,,riera
1134,-,RIERA TOSTADIET S/SAL 18X200,9999,14253.30,15837.00,1,,,riera
1135,-,RIERA TOSTADIET SALVA. 18X200,9999,14253.30,15837.00,1,,,riera
1136,-,RIERA X200 MESA,9999,811.80,902.00,1,,,riera
1137,-,RIERA X200 MULTISEMILLA,9999,856.80,952.00,1,,,riera
1138,-,RIERA TOSTADA DE ARROZ X150,9999,1324.80,1472.00,1,,,riera
1139,-,RIERA TOST. ARROZ S/SAL X150GS.,9999,1324.80,1472.00,1,,,riera
1140,-,RISKI-DIT TOSTADA DULCE,9999,936.90,1041.00,1,,,risky-dit
1141,-,RISKY-DIT TOSTADA C/SAL,9999,936.90,1041.00,1,,,risky-dit
1142,-,RISKY-DIT TOSTADA S/SAL,9999,936.90,1041.00,1,,,risky-dit
1143,-,*YERBA ROSAMONTE X500-,9999,1294.20,1438.00,1,,,rosamonte
1144,-,*YERBA ROSAMONTE SUAVE X500-,9999,1294.20,1438.00,1,,,rosamonte
1145,-,DON SATUR MADAL D/LECHE X250,9999,1129.50,1255.00,1,,,satur
1146,-,DON SATUR MADAL MADACHOC X250,9999,1129.50,1255.00,1,,,satur
1147,-,DON SATUR MADAL MARMOLADA X200,9999,1129.50,1255.00,1,,,satur
1148,-,DON SATUR MADAL VAINILLA X250,9999,1129.50,1255.00,1,,,satur
1149,-,DON SATUR MADAL CON CHIP X250,9999,1129.50,1255.00,1,,,satur
1150,-,DON SATUR NEGRIGRAS X200,9999,531.00,590.00,1,,,satur
1151,-,DON SATUR AGRIDULCE X200,9999,531.00,590.00,1,,,satur
1152,-,DON SATUR GRASA X200G,9999,531.00,590.00,1,,,satur
1153,-,DON SATUR TALITA C/QUESO,9999,783.90,871.00,1,,,satur
1154,-,DON SATUR TALITAS X160G,9999,771.30,857.00,1,,,satur
1155,-,DON SATUR TALITAS C/ SEMILLAS,9999,783.00,870.00,1,,,satur
1156,-,*7UP LIMA LIMON LATA 354 ML-,9999,339.30,377.00,1,,,seven up
1157,-,*7UP X500 ML-,9999,594.00,660.00,1,,,seven up
1158,-,*SKITTLES ROJO -,9999,1530.00,1700.00,1,,,skitles
1159,-,*SKITTLES VIOLETA,9999,1530.00,1700.00,1,,,skitles
1160,-,SOLITA PURITOS BAÑADOS X160GS.,9999,688.50,765.00,1,,,solitas
1161,-,SOLITA PURITOS BA—ADOS X300,9999,1195.20,1328.00,1,,,solitas
1162,-,SOLITA ROSQUITA BA—ADA X160GS.,9999,688.50,765.00,1,,,solitas
1163,-,SOLITA ROSQUITAS BA—ADAS X300,9999,1195.20,1328.00,1,,,solitas
1164,-,SOLITA ANIMACION X4K.,9999,8698.50,9665.00,1,,,solitas
1165,-,SOLITA ARITOS X4K.,9999,8698.50,9665.00,1,,,solitas
1166,-,SOLITA FRUTILLA X4K,9999,8698.50,9665.00,1,,,solitas
1167,-,SOLITA LEGENDARIA X4K.,9999,8698.50,9665.00,1,,,solitas
1168,-,SOLITA SURTISOL X4K.,9999,8698.50,9665.00,1,,,solitas
1169,-,SOLITA ALF FRUTA X160GS.,9999,990.00,1100.00,1,,,solitas
1170,-,SOLITA ALF FRUTA X300GS.,9999,1747.80,1942.00,1,,,solitas
1171,-,SOLITA ALFAJOR GLASE X160,9999,990.00,1100.00,1,,,solitas
1172,-,SOLITA ALFAJOR GLASE X300,9999,1747.80,1942.00,1,,,solitas
1173,-,SOLITA ALF CHOC/BCO X160,9999,990.00,1100.00,1,,,solitas
1174,-,SOLITA ALF CHOC/BCO X300,9999,1747.80,1942.00,1,,,solitas
1175,-,SOLITA ALFAJOR  X160GS.,9999,990.00,1100.00,1,,,solitas
1176,-,SOLITA ALFAJOR X300GS.,9999,1747.80,1942.00,1,,,solitas
1177,-,SOLITA ANIMACION X400GS,9999,932.40,1036.00,1,,,solitas
1178,-,SOLITA ARITOS X500GS.,9999,1017.00,1130.00,1,,,solitas
1179,-,SOLITA CHIROLA C/CHIP X400,9999,0.00,0.00,1,,,solitas
1180,-,SOLITA COLMENAS X500GS.,9999,0.00,0.00,1,,,solitas
1181,-,SOLITA EXHIBICION X400G,9999,746.10,829.00,1,,,solitas
1182,-,SOLITA FRUTILLA  X500GS,9999,1021.50,1135.00,1,,,solitas
1183,-,SOLITA LEGENDARIA CHOC. X500,9999,1017.00,1130.00,1,,,solitas
1184,-,SOLITA LEGENDARIA X500G,9999,1021.50,1135.00,1,,,solitas
1185,-,SORIANO BISCUIT 16X125,9999,13951.80,15502.00,1,,,soriano
1186,-,"SORIANO CON CHIP ",9999,15644.70,17383.00,1,,,soriano
1187,-,*ENERGIZANTE SPEED X250 ML-,9999,0.00,0.00,1,,,speed
1188,-,*ENERGIZANTE SPEED XL -,9999,0.00,0.00,1,,,speed
1189,-,STANI LENGUETAZO MANZANA X32,9999,3477.60,3864.00,1,,,STANI
1190,-,*YERBA TARAGUI X500 -,9999,1440.00,1600.00,1,,,taragui
1191,-,*TARAGUI MATE COCIDO X25-,9999,792.00,880.00,1,,,taragui
1192,-,TEMBLEKE BRUJAS X10U.,9999,4950.00,5500.00,1,,,tembleke
1193,-,TEMBLEKE COBRA X12,9999,5400.00,6000.00,1,,,tembleke
1194,-,TEMBLEKE CORAZON X3U.,9999,0.00,0.00,1,,,tembleke
1195,-,TEMBLEKE EMOCIONES X6U.,9999,0.00,0.00,1,,,tembleke
1196,-,TEMBLEKE MUNDIAL X6U.,9999,0.00,0.00,1,,,tembleke
1197,-,TEMBLEKE PIRATA X6,9999,0.00,0.00,1,,,tembleke
1198,-,TEMBLEKE PRINCESAS X6U.,9999,0.00,0.00,1,,,tembleke
1199,-,TEMBLEKE RELOJ X12U.,9999,5400.00,6000.00,1,,,tembleke
1200,-,TEMBLEKE SELVA X6U.,9999,0.00,0.00,1,,,tembleke
1201,-,TEMBLEKE SIMPSOM X20U.,9999,0.00,0.00,1,,,tembleke
1202,-,TEMBLEKE DINO X12,9999,5400.00,6000.00,1,,,tembleke
1203,-,TEMBLEKE TATTO X14U.,9999,0.00,0.00,1,,,tembleke
1204,-,TEMBLEKE ASKY RATA,9999,5400.00,6000.00,1,,,TEMBLEKE
1205,-,TEMBLEKE DRACULENGUA,9999,4320.00,4800.00,1,,,TEMBLEKE
1206,-,TEMBLEKE SOBRE RUEDAS,9999,4590.00,5100.00,1,,,TEMBLEKE
1207,-,TEREPIN PEPA X200G.,9999,410.40,456.00,1,,,terepin
1208,-,TEREPIN PEPA X400G.,9999,813.60,904.00,1,,,terepin
1209,-,"TODDY ALF X6 U ",9999,3618.90,4021.00,1,,,toddy
1210,-,TODDY CHIPS CHICA X50GS.,9999,428.40,476.00,1,,,toddy
1211,-,TODDY CHISPAS X126GS-,9999,1105.20,1228.00,1,,,toddy
1212,-,TOPOLIN JUGUETAZO X10U.,9999,7560.00,8400.00,1,,,topolin
1213,-,TOPOLIN PALETITA X50U.,9999,1782.00,1980.00,1,,,topolin
1214,-,TOPOLIN SORPRESA X10U.,9999,2484.00,2760.00,1,,,topolin
1215,-,TRIO ANILLOS GLAS X300,9999,585.00,650.00,1,,,trio
1216,-,TRIO BESITOS X350G.,9999,0.00,0.00,1,,,trio
1217,-,TRIO CHOCOLATINA X300G,9999,984.60,1094.00,1,,,trio
1218,-,TRIO CHOCOTRIO X300,9999,984.60,1094.00,1,,,trio
1219,-,TRIO FROLITA X300G.,9999,729.00,810.00,1,,,trio
1220,-,TRIO FROLITA X500G,9999,1128.60,1254.00,1,,,trio
1221,-,TRIO GLASY X350G.,9999,729.00,810.00,1,,,trio
1222,-,TRIO GLASY X500GS.,9999,1044.00,1160.00,1,,,trio
1223,-,TRIO KRUMIRI X300GS.,9999,729.00,810.00,1,,,trio
1224,-,TRIO LINGUINI X300GS.,9999,729.00,810.00,1,,,trio
1225,-,TRIO MINIPEPAS X300G,9999,729.00,810.00,1,,,trio
1226,-,TRIO OSKITOS X300G,9999,990.00,1100.00,1,,,trio
1227,-,TRIO PEPA ALEMANA X300,9999,729.00,810.00,1,,,trio
1228,-,TRIO PEPA ALEMANA X500,9999,1127.70,1253.00,1,,,trio
1229,-,TRIO PEPA C/ACEITE VEG X300GS.,9999,0.00,0.00,1,,,trio
1230,-,TRIO PEPAS C/CHIPS X320,9999,729.00,810.00,1,,,trio
1231,-,TRIO PEPAS C/CHIPS X500,9999,1127.70,1253.00,1,,,trio
1232,-,TRIO PEPAS X320G.,9999,668.70,743.00,1,,,trio
1233,-,TRIO PEPAS X500GS.,9999,1044.00,1160.00,1,,,trio
1234,-,TRIO PEPONA BATATA X300,9999,729.00,810.00,1,,,trio
1235,-,TRIO PEPONA BATATA X500,9999,1127.70,1253.00,1,,,trio
1236,-,TRIO SCONS X350G.,9999,729.00,810.00,1,,,trio
1237,-,TRIO SURTIDAS X360G.,9999,729.00,810.00,1,,,trio
1238,-,TRIO TARTELETTE FRUTILLA X300,9999,729.00,810.00,1,,,trio
1239,-,TRIO TRICHIPS X300G.,9999,729.00,810.00,1,,,trio
1240,-,TRIO TRICHOC X300G.,9999,729.00,810.00,1,,,trio
1241,-,TRIO TRICHOC X500GS.,9999,1125.00,1250.00,1,,,trio
1242,-,TRIO VARIETTE X500gs.,9999,1044.00,1160.00,1,,,trio
1243,-,*YERBA UNION X500 -,9999,1440.00,1600.00,1,,,union
1244,-,URQUIZA MERENKOA 12U.,9999,3829.50,4255.00,1,,,urquiza
1245,-,VARIOS,9999,0.00,0.00,1,,,VARIOS
1246,-,*VAUQUITA  TABLETA 18X25-,9999,5130.00,5700.00,1,,,vauquita
1247,-,*VAUQUITA TAB LIGTH 18X25-,9999,5130.00,5700.00,1,,,vauquita
1248,-,VEROMAR PEPA BATATA X400,9999,1531.80,1702.00,1,,,veromar
1249,-,VEROMAR PEPA CHOC X200G,9999,0.00,0.00,1,,,veromar
1250,-,VEROMAR PEPA FRUTILLA X400,9999,1531.80,1702.00,1,,,veromar
1251,-,VEROMAR PEPA X400,9999,1531.80,1702.00,1,,,veromar
1252,-,VEROMAR PEPA X400 MANZANA,9999,1531.80,1702.00,1,,,veromar
1253,-,VEROMAR SCON X400,9999,1531.80,1702.00,1,,,veromar
1254,-,VEROMAR SOL DE COCO X330,9999,1687.50,1875.00,1,,,veromar
1255,-,*AGUA VILLAVICENCIO SIN GAS X500 ML X12 U-,9999,595.80,662.00,1,,,villavicencio
1256,-,*VIMAR ESCOLAR X60U,9999,8010.00,8900.00,1,,,VIMAR
1257,-,*YERBA MAÑANA X500-,9999,1469.70,1633.00,1,,,YERBA
1258,-,*YERBA MAÑANANITA X 1 KG-,9999,2695.50,2995.00,1,,,YERBA
1259,-,*YERBA NOBLEZA GAUCHA X500-,9999,1335.60,1484.00,1,,,YERBA
1260,-,*YERBA PLAYADITO X500-,9999,1676.70,1863.00,1,,,YERBA
1261,-,*YERBA PLAYADITO X 1 KG-,9999,3260.70,3623.00,1,,,YERBA
1262,-,*YERBA CRUZ DE MALTA X500-,9999,1396.80,1552.00,1,,,YERBA
1263,-,*YUMMY X12U. DINO-,9999,2949.30,3277.00,1,,,yummy
1264,-,*YUMMY X12U. PIECITOS-,9999,2949.30,3277.00,1,,,yummy
1265,-,*YUMMY X12U. ANIMALITOS-,9999,2949.30,3277.00,1,,,yummy
1266,-,*YUMMY X12U. BANANITAS-,9999,2949.30,3277.00,1,,,yummy
1267,-,*YUMMY X12U. MORITAS-,9999,2949.30,3277.00,1,,,yummy
1268,-,*YUMMY X12U. OSITOS-,9999,2949.30,3277.00,1,,,yummy
1269,-,*YUMMY X12U. OSITOS ACIDOS-,9999,2949.30,3277.00,1,,,yummy
1270,-,*YUMMY X500GS. BANANA-,9999,2644.20,2938.00,1,,,yummy
1271,-,*YUMMY X500GS. CIEN PIES-,9999,2644.20,2938.00,1,,,yummy
1272,-,*YUMMY X500GS. FRUTILLA/CREMA-,9999,2644.20,2938.00,1,,,yummy
1273,-,*YUMMY X500GS. MORITAS-,9999,2644.20,2938.00,1,,,yummy
1274,-,*YUMMY X500GS. OSITOS-,9999,2644.20,2938.00,1,,,yummy
1275,-,*YUMMY X500GS. OSITOS ACIDOS-,9999,2644.20,2938.00,1,,,yummy
1276,-,*YUMMY X500GS. SANDIA-,9999,2644.20,2938.00,1,,,yummy
1277,-,*MISKY GOMA MENTA X1KG,9999,5020.20,5578.00,1,,,MISKY
1278,-,*FRISBIX DISCOS DE ARROZ CON SAL X12,9999,635.40,706.00,1,,,"FRISBIX "
1279,-,*FRISBIX DISCOS DE ARROZ SIN SAL X12,9999,635.40,706.00,1,,,"FRISBIX "
1280,-,*FRISBIX DISCOS DE ARROZ DULCES X12,9999,635.40,706.00,1,,,"FRISBIX "
1281,-,*DON SATUR PAN DULCE CON FRUTA PROMO,9999,2106.00,2340.00,1,,,SATUR
1282,-,*DON SATUR PAN DULCE SIN FRUTA PROMO,9999,1890.00,2100.00,1,,,SATUR
1283,-,*DON SATUR PAN DULCE CON CHIP PROMO,9999,2321.10,2579.00,1,,,SATUR
1284,-,*BIC PROMO MINI X12,9999,0.00,0.00,1,,,BIC
1285,-,*BIC PROMO MAXI X12,9999,0.00,0.00,1,,,BIC
1286,-,*COCA COLA 500 X12,9999,940.50,1045.00,1,,,COCA COLA
1287,-,*COCA COLA ZERO X500 X 12,9999,940.50,1045.00,1,,,COCA COLA
1288,-,*COCA COLA LATA X6,9999,882.00,980.00,1,,,COCA COLA
1289,-,*SPRITE X500 X12,9999,940.50,1045.00,1,,,COCA COLA
1290,-,*DURACEL C MEDIANA X2 C\U,9999,3105.00,3450.00,1,,,DURACEL
1291,-,*DURACEL D GRANDE X2 C\U,9999,3726.00,4140.00,1,,,DURACEL
1292,-,"*DURACEL BATERIA 9V ",9999,3254.40,3616.00,1,,,DURACEL
1293,-,*ENERGIZER C MEDIANA X2 C\U,9999,1863.00,2070.00,1,,,ENERGIZER
1294,-,*ENERGIZER D GRANDE X2 C\U,9999,1863.00,2070.00,1,,,ENERGIZER
1295,-,*ENERGIZER BATERIA 9V,9999,2493.00,2770.00,1,,,ENERGIZER
1296,-,*EVEREADY BATERIA 9V,9999,900.00,1000.00,1,,,EVEREADY
1297,-,*AGUA ECO DE LOS ANDES X500 X12,9999,405.00,450.00,1,,,AGUA
1298,-,*KOLINOS X90 GR X12,9999,1242.00,1380.00,1,,,PASTA DE DIENTES
1299,-,*ORAL B PASTA DE DIENTES 70GR,9999,1098.90,1221.00,1,,,PASTA DE DIENTES
1300,-,*COLGATE X70GR X12,9999,1485.00,1650.00,1,,,PASTA DE DIENTES
1301,-,*DETERGENTE MAGISTRAL 500 GR,9999,1984.50,2205.00,1,,,MAGIStral
1302,-,*JABON EN PAN SEISEME X300 GR,9999,1117.80,1242.00,1,,,JABON
1303,-,*BULL DOG REGALIZ 75 GR ROJO,9999,585.00,650.00,1,,,BULL DOG
1304,-,*BULL DOG REGALIZ 75 GR AZUL,9999,585.00,650.00,1,,,BULL DOG
1305,-,"*BULL DOG REGALIZ 75 GR SANDIA ",9999,585.00,650.00,1,,,BULL DOG
1306,-,*BULL DOG REGALIZ 75 GR TUTTI FRUTTI,9999,585.00,650.00,1,,,BULL DOG
1307,-,*GLACIAR AGUA MINERAL X 2 LTS,9999,1138.50,1265.00,1,,,GLACIAR
1308,-,*MIELCITA 1X50UN,9999,2520.00,2800.00,1,,,"MIELCITA "
1309,-,*TIC-TAC CITRUS X12,9999,5850.00,6500.00,1,,,FERRERO
1310,-,*NARANJU FRUTILLA 1X20X8,9999,1692.00,1880.00,1,,,NARANJU
1311,-,*NARANJU NARANJA 1X20X8,9999,1692.00,1880.00,1,,,NARANJU
1312,-,*NARANJU UVA 1X20X8,9999,1692.00,1880.00,1,,,NARANJU
1313,-,*NARANJU MANZANA 1X20X8,9999,1692.00,1880.00,1,,,NARANJU
1314,-,*NARANJU ANANA 1X20X8,9999,1692.00,1880.00,1,,,NARANJU
1315,-,*VIZZIO PASAS DE UVA 100GR,9999,1890.00,2100.00,1,,,"NAVIDAD "
1316,-,*VIZZIO ALMENDRAS 100GR,9999,2430.00,2700.00,1,,,"NAVIDAD "
1317,-,*VIZZIO CEREAL 100GR,9999,1890.00,2100.00,1,,,"NAVIDAD "
1318,-,"*BARILOCHE TURRON MANI 80GR ",9999,630.00,700.00,1,,,"NAVIDAD "
1319,-,*NUGATON POSTRE DE MANI 75GR,9999,720.00,800.00,1,,,"NAVIDAD "
1320,-,*BARILOCHE MANI C/CHOCO 80GR,9999,1300.50,1445.00,1,,,"NAVIDAD "
1321,-,*BARILOCHE CONF MANI COLOR 120 GR,9999,900.00,1000.00,1,,,"NAVIDAD "
1322,-,*BONAFIDE CEREAL C/CHOCO 80 GR,9999,1300.50,1445.00,1,,,"NAVIDAD "
1323,-,*BONAFIDE GARRAPI MANI 100GR,9999,720.00,800.00,1,,,"NAVIDAD "
1324,-,*BONAFIDE GARRAPI MANI 80GR,9999,631.80,702.00,1,,,"NAVIDAD "
1325,-,*MANTECOL LINGOTE  500GR,9999,6480.00,7200.00,1,,,"NAVIDAD "
1326,-,*BONAFIDE TURRON 80 GR,9999,720.00,800.00,1,,,"NAVIDAD "
1327,-,"*BONAFIDE TURRON 100 GR ",9999,810.00,900.00,1,,,"NAVIDAD "
1328,-,*BONAFIDE ALMENDRAS BAÑADAS CHOCO BLANCO 80GR,9999,1620.00,1800.00,1,,,"NAVIDAD "
"1329 ",-,*BONAFIDE CEREAL BANADO 80 GR,9999,1260.00,1400.00,1,,,"NAVIDAD "
1330,-,*FELFORT CREMONA DE MANI TURRON 100 GR,9999,1080.00,1200.00,1,,,"NAVIDAD "
1331,-,*FELFORT TURRON DE MANI BAÑADO EN CHCOCO 100GR,9999,1800.00,2000.00,1,,,"NAVIDAD "
1332,-,*FELFORT TRUFADO ALMENDRA Y CHOCOLATE,9999,2250.00,2500.00,1,,,"NAVIDAD "
1333,-,"*FELFORT ESPUMON DE MARROC ",9999,2250.00,2500.00,1,,,"NAVIDAD "
1334,-,"*FELFORT FLOR DE ALMENDRO ",9999,2250.00,2500.00,1,,,"NAVIDAD "
1335,-,"*BARILOCHE GARRAPIÑADA DE MANI 80GR ",9999,576.90,641.00,1,,,"NAVIDAD "
1336,-,"*BARILOCHE TURRON CROCANTE MANI 80GR ",9999,960.30,1067.00,1,,,"NAVIDAD "
1337,-,*ALFAJOR BARRIGON BLANCO X7U,9999,1215.00,1350.00,1,,,BARRIGON
1338,-,*ALFAJOR BARRIGON NEGRO X7U,9999,1215.00,1350.00,1,,,BARRIGON
1339,-,*REPELENTE ABOVE PROTECT X150GR,9999,3150.00,3500.00,1,,,REPELENTE
1340,-,*BULL DOG REGALIZ 1X16 456GR ROJO,9999,2000.70,2223.00,1,,,BULL DOG
1341,-,*BULL DOG REGALIZ 1X16 456GR TUTTI,9999,2000.70,2223.00,1,,,BULL DOG
1342,-,*BULL DOG REGALIZ 1X16 456GR SANDIA,9999,2000.70,2223.00,1,,,BULL DOG
1343,-,*BULL DOG REGALIZ 1X16 456GR FRAMBUESA,9999,2000.70,2223.00,1,,,BULL DOG
1344,-,"*BULL DOG REGALIZ 1X25 FRUTILLA ",9999,8424.00,9360.00,1,,,BULL DOG
1345,-,*BULL DOG REGALIZ 1X25 MULTICOLOR,9999,8424.00,9360.00,1,,,BULL DOG
1346,-,*BULL DOG REGALIZ 1X25 SANDIA,9999,8424.00,9360.00,1,,,BULL DOG
1347,-,*SPEED 500ML X12,9999,1593.00,1770.00,1,,,SPEED
1348,-,*GLACIAR SPORT PICO X6,9999,720.00,800.00,1,,,GLACIAR
1349,-,*CEPITA FRUTILLA-MANGO X1L,9999,1287.00,1430.00,1,,,CEPITA
1350,-,*CEPITA ANANA-MANDARINA X1L,9999,1287.00,1430.00,1,,,CEPITA
1351,-,*GATORADE FRUTAS TROPICALES X750ML X6,9999,922.50,1025.00,1,,,GATORADE
1352,-,*GATORADE MANZANA X750ML X6,9999,922.50,1025.00,1,,,GATORADE
1353,-,*GATORADE COOL BLUE X750ML X6,9999,922.50,1025.00,1,,,GATORADE
1354,-,*FUN XTREME AZUL 1X12X25GR,9999,5040.00,5600.00,1,,,FUN
1355,-,*FUN XTREME AZUL 1X12X25GR,9999,5040.00,5600.00,1,,,FUN
1356,-,*MANTECOL 111G COCO,9999,1485.00,1650.00,1,,,MANTECOL
1357,-,*MANTECOL 111G CARAMELO,9999,1485.00,1650.00,1,,,MANTECOL
1358,-,*MANTECOL 111G CAFÉ,9999,1485.00,1650.00,1,,,MANTECOL
1359,-,*TOPLINE ULTRA ROJO X12,9999,13074.30,14527.00,1,,,"ARCOR "
1360,-,*TOPLINE ULTRA VERDE X12,9999,13074.30,14527.00,1,,,"ARCOR "
1361,-,*TOPLINE ULTRA AZUL X12,9999,13074.30,14527.00,1,,,"ARCOR "
1362,-,*SALADIX CROSS ORIG X67GR X32U,9999,580.50,645.00,1,,,"ARCOR "
1363,-,*SALADIX CROSS PICANTE X67GR X32U,9999,580.50,645.00,1,,,"ARCOR "
1364,-,"*SNICKERS X48U ",9999,1620.00,1800.00,1,,,SNIKERS
1365,-,*CARAMELO ARCOR BASTON VIENA X470GR,9999,2430.00,2700.00,1,,,"ARCOR "
1366,-,*SALSA FILETO LA CAMP 340GR,9999,783.00,870.00,1,,,"ARCOR "
1367,-,*SALSA PIZZA LA CAMP 340GR,9999,783.00,870.00,1,,,"ARCOR "
1368,-,*SALSA POMAROLA LA CAMP 340GR,9999,783.00,870.00,1,,,"ARCOR "
1369,-,*PURE DE TOMATE LA CAMP X530GR,9999,734.40,816.00,1,,,"ARCOR "
1370,-,*PURE DE TOMATE SALSATI X530,9999,801.00,890.00,1,,,"ARCOR "
1371,-,*GALLETA BLOCK X124GR X30U,9999,864.00,960.00,1,,,"ARCOR "
1372,-,*GALLETA COFLER 30X12,9999,864.00,960.00,1,,,"ARCOR "
1373,-,*GALLETA ROCKLET X118GR X30U,9999,864.00,960.00,1,,,"ARCOR "
1374,-,*ORENSE BLACK X12,9999,585.00,650.00,1,,,ORENSE
1375,-,*ORENSE MOUSSE X12,9999,585.00,650.00,1,,,ORENSE
1376,-,*PIPAS TIRA X10U,9999,3933.00,4370.00,1,,,PIPAS
1377,-,*SUGUS ESTUCHE X6U. ACIDO-,9999,720.00,800.00,1,,,SUGUS
1378,-,*GATORADE MANZANA X500ML X6,9999,745.20,828.00,1,,,GATORADE
1379,-,*GATORADE FRUTAS TROPICALES X500ML X6,9999,745.20,828.00,1,,,GATORADE
1380,-,*GATORADE COOL BLUE X500ML X6,9999,745.20,828.00,1,,,GATORADE
1381,-,*CANARIAS YERBA X1K ORIG,9999,7768.80,8632.00,1,,,CANARIAS
1382,-,*CANARIAS YERBA X500G ORIG,9999,4253.40,4726.00,1,,,CANARIAS
1383,-,*CANARIAS YERBA X500G TE VERDE Y JENGIBRE,9999,4710.60,5234.00,1,,,CANARIAS
1384,-,*CANARIAS YERBA X1K SERENA,9999,8355.60,9284.00,1,,,CANARIAS
1385,-,*CANARIAS YERBA X500G SERENA,9999,4636.80,5152.00,1,,,CANARIAS
1386,-,*CANARIAS YERBA X1K EDICION ESPECIAL,9999,8813.70,9793.00,1,,,CANARIAS
1387,-,*KINDER HUEVO VERDE X12,9999,1323.00,1470.00,1,,,KINDER
1388,-,*KINDER HUEVO VIOLETA  X12,9999,1323.00,1470.00,1,,,KINDER
1389,-,*KINDER HUEVO AMARILLO X12,9999,1323.00,1470.00,1,,,KINDER
1390,-,*TNT CARAMELO PINTA LENGUA X60 U,9999,2520.00,2800.00,1,,,TNT
1391,-,*TNT CHICLE SUPER ACIDO SABORES X60U,9999,2520.00,2800.00,1,,,TNT
1392,-,*TNT CARAMELO SABORES X60 U,9999,2520.00,2800.00,1,,,TNT
1393,-,*TNT CHUPETIN ACIDO X48U,9999,3420.00,3800.00,1,,,TNT
1394,-,*PALITO DE LA SELVA ACIDO X120U,9999,3510.00,3900.00,1,,,"MONDELEZ "
1395,-,*CLIGHT LIMONADA Y ARANDANOS X20 U,9999,4222.80,4692.00,1,,,"MONDELEZ "
1396,-,*CLIGHT LIMONADA Y MARACUYA X20 U,9999,4222.80,4692.00,1,,,"MONDELEZ "
1397,-,*CLIGHT LIMONADA ROSA X20 U,9999,4222.80,4692.00,1,,,"MONDELEZ "
1398,-,*REY MOMO X12U,9999,1485.00,1650.00,1,,,REY MOMO
1399,-,*RED BULL 1X24 250CC,9999,1350.00,1500.00,1,,,RED BULL
1400,-,*MOGUL BANANITAS X50G,9999,5645.70,6273.00,1,,,"ARCOR "
1401,-,*FULL MANI RELLENO PASTA DE MANI 6X8X140GR,9999,1795.50,1995.00,1,,,"FULL MANI "
1402,-,*ZUCOA CACAO EN POLVO 12X150GR,9999,750.38,833.75,1,,,ZUCOA
1403,-,*9 DE ORO ANILLOS VAINILLA X16 X120G,9999,277.88,308.75,1,,,"9 DE ORO "
1404,-,*9 DE ORO MINI BUDIN DE VAINILLA 10X210GR,9999,741.38,823.75,1,,,"9 DE ORO "
1405,-,*CAÑUELAS MAYONESAX 20X125 GR,9999,326.16,362.40,1,,,CAÑUELAS
1406,-,"*VILLAVICENCIO AGUA X1,5 LTS X6",9999,630.00,700.00,1,,,VILLAvicencio
1407,-,*OBLITA BON O BON FRUTILLA X30 UN,9999,5067.00,5630.00,1,,,OBLITA
1408,-,*OBLITA BON O BON CLASICO X30U,9999,5067.00,5630.00,1,,,OBLITA
1409,-,*OBLITA BON O BON CRASH NEGRO X30U,9999,5067.00,5630.00,1,,,OBLITA
1410,-,*OBLITA BON O BON BLANCO X30U,9999,5067.00,5630.00,1,,,OBLITA
1411,-,*OBLITA BON O BON CHOCOLATE MARRON X30U,9999,5067.00,5630.00,1,,,OBLITA
1412,-,*OBLITA CUBANITO NOUGAT VIOLETA X48U,9999,4288.50,4765.00,1,,,OBLITA
1413,-,*OBLITA CUBANITO DULCE DE LECHE MARRON X48U,9999,4288.50,4765.00,1,,,OBLITA
1414,-,*OBLITA CUBANITO FRUTILLA X48U,9999,4288.50,4765.00,1,,,OBLITA
1415,-,*OBLITA CUBANITO CHOCOLATE BLANCO X48,9999,4288.50,4765.00,1,,,OBLITA
1416,-,*OBLITA CUBANITO CHOCOLATE ROJO X48,9999,4288.50,4765.00,1,,,OBLITA
1417,-,*OBLITA CUBANITO MARROC X48,9999,4288.50,4765.00,1,,,OBLITA
1418,-,*TURRON ROCKLET X50U,9999,11281.50,12535.00,1,,,"ARCOR "
1419,-,*TOPLINE ULTRA VIOLETA 1 X12,9999,13074.30,14527.00,1,,,"ARCOR "
1420,-,*OBLEA XL BLOCK X18U,9999,12798.00,14220.00,1,,,"ARCOR "
1421,-,*COMBO MILKA SABORES,9999,41220.00,45800.00,1,,,"MONDELEZ "
1422,-,*OCB NEGRO X25U,9999,17388.00,19320.00,1,,,OCB
1423,-,*MILKA OREO 20G,9999,507.60,564.00,1,,,MILKA
1424,-,*MILKA LECHE 20G,9999,507.60,564.00,1,,,MILKA
1425,-,*ALFAJOR LOVE 420 BLANCO X18,9999,675.00,750.00,1,,,LOVE 420
1425,-,*ALFAJOR LOVE 420 NEGRO X18,9999,675.00,750.00,1,,,LOVE 420
1426,-,*SKITLETS ROJO,9999,1620.00,1800.00,1,,,SKITLETS
1427,-,*CACHAFAZ MARROC X12 U,9999,6619.50,7355.00,1,,,CACHAFAZ
1428,-,*JORGITO GALLETITA RELLENA DE LIMON X12X90GR,9999,1789.20,1988.00,1,,,JORGITO