id,nombre,costo,precio_venta
1,9 ORO AGRIDULCE X200GS.,585.0,650.0
2,9 ORO AZUCARADO X210GS.,585.0,650.0
3,9 ORO CLASICO X200GS.,585.0,650.0
4,9 ORO LIGHT X170GS.,585.0,650.0
5,9 ORO SALVADO X200GS.,585.0,650.0
6,9 ORO CARA SUCIA  X200GS.,585.0,650.0
7,ALIC AJI TRITURADO 12x25,6629.4,7366.0
8,ALIC AJO TRITURADO 12X50,11786.4,13096.0
9,ALIC ANIS E/GRANO 12X25,8148.6,9054.0
10,ALIC AZAFRAN X2U,3382.2,3758.0
11,ALIC BICARBONATO 25X50G,12147.3,13497.0
12,ALIC CALDO 12UX6 VERD R E/SODIO,2946.6,3274.0
13,ALIC CALDO 12UX7.5 4 QUESOS,2946.6,3274.0
14,ALIC CALDO 12UX7.5 ALBAHACA/AJO,2946.6,3274.0
15,ALIC CALDO 12UX7.5 CARNE,2946.6,3274.0
16,ALIC CALDO 12UX7.5 CHAM/HONGO,2946.6,3274.0
17,ALIC CALDO 12UX7.5 CREMA/VERDEO,2946.6,3274.0
18,ALIC CALDO 12UX7.5 F/HIERBAS,2946.6,3274.0
19,ALIC CALDO 12UX7.5 GALLINA,2946.6,3274.0
20,ALIC CALDO 12UX7.5 PANCETA,2946.6,3274.0
21,ALIC CALDO 12UX7.5 VERDURA,2946.6,3274.0
22,ALIC CANELA MOLIDA12X25,12593.7,13993.0
23,ALIC CEBOLLA DESH X50G.,1485.0,1650.0
24,ALIC CHIMICHURRI  X25G.,740.7,823.0
25,ALIC COCO RAYADO X50,828.0,920.0
26,ALIC COMINO 12x25G,10067.4,11186.0
27,ALIC COND. P/ARROZ 12X25,9270.0,10300.0
28,ALIC COND. P/AVES 12X25,5631.3,6257.0
29,ALIC COND. P/CARNE 12X25,10223.1,11359.0
30,ALIC COND. P/EMPAN 12x25,10851.3,12057.0
31,ALIC COND. P/MILANESA 12x25,8537.4,9486.0
32,ALIC COND. P/PESCADO 12X25,7389.9,8211.0
33,ALIC COND. P/PIZZA 12X25,7022.7,7803.0
34,ALIC COND. P/TUCO 12X25,6992.1,7769.0
35,ALIC COND. P/VEGET 25X25,0.0,0.0
36,ALIC ESTRAGON 12X10GS.,5395.5,5995.0
37,ALIC EXT. VAINILLA 1X100CC,1059.3,1177.0
38,ALIC LAUREL HOJAS 10G,990.0,1100.0
39,ALIC LAUREL TRITUR 12X25,10566.0,11740.0
40,ALIC NUEZ MOSC. ENTERA,1403.1,1559.0
41,ALIC NUEZ MOSC. MOLIDA,17912.7,19903.0
42,ALIC PEREJIL DES. X25GS,1042.2,1158.0
43,ALIC PIMENTON 24X25,13126.5,14585.0
44,ALIC PIMIE BCA GNO12X25,12838.5,14265.0
45,ALIC PIMIE BCA/MOL 12X25,13995.9,15551.0
46,ALIC PIMIE NEG. GRANO 12X25,10446.3,11607.0
47,ALIC PIMIE NEG. MOLIDA 12X25,10174.5,11305.0
48,ALIC PROVENZAL X25GS.,709.2,788.0
49,ALIC ROMERO 12X15G,5615.1,6239.0
50,ALIC SALSA 4 QUESOS x37gs.,1240.2,1378.0
51,ALIC SALSA BLANCA X40GS,961.2,1068.0
52,ALIC SALSA CHAMP. X35GS,2043.0,2270.0
53,ALIC TOMILLO 12X15G,5594.4,6216.0
54,ALIC OREGANO X25GS.,995.4,1106.0
55,*YERBA AMANDA X500 -,0.0,0.0
56,LA AMISTAD MINI COLOR 20X100GS,12478.5,13865.0
57,LA AMISTAD MERENGUE BLANCO 20X100GS,14295.6,15884.0
58,*TOPLINE 7 X16 U TUTTI,8383.5,9315.0
59,*TOPLINE 7  X16 U ROJO-,8383.5,9315.0
60,*TOPLINE 7  X16 U AZUL-,8383.5,9315.0
61,*TOPLINE 7  X16 U MANDARINA-,8383.5,9315.0
62,*TOPLINE 7  X16 U SANDIA-,8383.5,9315.0
63,*TOPLINE 7  X16 U VIOLETA-,8383.5,9315.0
64,*TOPLINE 7  X16 U NEGRO-,8383.5,9315.0
65,*TOPLINE 7  X16 U VERDE-,8383.5,9315.0
66,*MENTHOPLUS ACIDO NARANJA-,6030.0,6700.0
67,*MENTHOPLUS ACIDO MANZANA-,6030.0,6700.0
68,*MENTHOPLUS ACIDO CHERRY-,6030.0,6700.0
69,*MENTHOPLUS CAFÉ LATTE ,6030.0,6700.0
70,*MENTHOPLUS SIN AZUCAR MENTOL -,5122.8,5692.0
71,*MENTHOPLUS SIN AZUCAR NEGRO-,5122.8,5692.0
72,*MENTHOPLUS SIN AZUCAR DURAZNO-,5122.8,5692.0
73,*MENTHOPLUS SIN AZUCAR CEREZA-,5122.8,5692.0
74,*MENTHOPLUS CEREZA-,3673.8,4082.0
75,*MENTHOPLUS MENTA-,3673.8,4082.0
76,*MENTHOPLUS NEGRO-,3673.8,4082.0
77,*MENTHOPLUS MENTOL -,3673.8,4082.0
78,*MENTHOPLUS MIEL -,3673.8,4082.0
79,*AGUILA ALF TORTA  BLANCO TRIPLE X1-,833.4,926.0
80,*AGUILA ALF TORTA CLASICO TRIPLE X1-,833.4,926.0
81,*AGUILA  ALF TORTA BROWNIE  TRIPLE X1-,833.4,926.0
82,*AGUILA ALF TORTA  COCO TRIPLE X1-,833.4,926.0
83,*BAGLEY ALF. TRIPLE B&N BCO  X1-,833.4,926.0
84,*BAGLEY ALF. TRIPLE B&N NEGRO X1-,833.4,926.0
85,*ARC ALF COFLER BLOCK TRIPLE X1-,833.4,926.0
86,*ARC BON O BON ALFAJOR  BLANCO TRIPLE X1-,833.4,926.0
87,*ARC BON O BON ALFAJOR CHOCOLATE TRIPLE X1-,833.4,926.0
88,*ARC BON O BON TRIPLE NEGRO  X1-,833.4,926.0
89,*ARC GAJOS FRUTALES -,2535.3,2817.0
90,*FLICS MENTA X14 U -,4230.0,4700.0
91,*ARC RELLENO MIEL X675GS-,5133.6,5704.0
92,*ARC MENTA CRISTAL X810G-,6365.7,7073.0
93,*ARC RELLENO FRUTAL X800 GRS-,5133.6,5704.0
94,*ARC MIEL + MENTA X335-,2406.6,2674.0
95,*ARC RODAJAS ACIDAS X930-,6883.2,7648.0
96,*ARC RODAJAS CRAZY X465G-,3690.0,4100.0
97,*ARC MASTICABLE FRUTAL X800-,5423.4,6026.0
98,*COFLER BLOCK MANI CON CHOCOLATE X30,0.0,0.0
99,*ARC CREMINO SURTIDO X94OG-,7555.5,8395.0
100,*ARC FRESH CRISTAL X405GS.-,3213.0,3570.0
101,*ARC B.TOFFES AGUILA X822-,5537.7,6153.0
102,*ARC B.TOFFES AVELLANA X648-,5537.7,6153.0
103,*ARC B.TOFFES B O BON X822-,5537.7,6153.0
104,*ARC B.TOFFES BLANCO X822-,5537.7,6153.0
105,*ARC B.TOFFES CAFE  X822-,5537.7,6153.0
106,*ARC B.TOFFES CHOCOL X822-,5537.7,6153.0
107,*ARC B.TOFFES CREEM  -,5537.7,6153.0
108,*ARC B.TOFFES D/LECHE X822-,5537.7,6153.0
109,*ARC B.TOFFES LECHE  X825-,5537.7,6153.0
110,*ARC B.TOFFES MENTA  X822-,5537.7,6153.0
111,*ARC ROCKLETS 18X40GS.-,12498.3,13887.0
112,*ARC ROCKLETS 24X20GS.-,10039.5,11155.0
113,*ARC BON O BON AGUILA X18U.-,4783.5,5315.0
114,*ARC BON O BON BLANCO X30-,7920.0,8800.0
115,*ARC BON O BON LECHE X30U-,7920.0,8800.0
116,*ARC BON O BON CHOCOLINA X18U-,4783.5,5315.0
117,*ARC BON O BON OBLEA X20 BLANCO-,10450.8,11612.0
118,*ARC BON O BON OBLEA X20 NEGRO-,10450.8,11612.0
119,*ARC BON O BON CHOCOLINA XL  X18 U -,12798.0,14220.0
120,*ARC BON O BON  XL  X18 U -,12798.0,14220.0
121,*CABSHA BOCADITO X48U.-,12264.3,13627.0
122,*ARC ROCKLETS MINI 44X10-,10298.7,11443.0
123,*ARC COFLER AIR BBON X67G.-,1854.0,2060.0
124,*ARC COFLER AIR TOFFI X70G.-,1854.0,2060.0
125,*ARC COFLER AIRE. ALMENDRA X55-,1854.0,2060.0
126,*ARC COFLER AIRE. BLANCO X55-,1854.0,2060.0
127,*ARC COFLER AIRE. COMBI. X55-,1854.0,2060.0
128,*ARC COFLER AIRE. LECHE X55-,1854.0,2060.0
129,*ARC COFL AIRE. ALMEN. X27-,981.0,1090.0
130,*ARC COFL AIRE. BLANCO X27-,981.0,1090.0
131,*ARC COFL AIRE. BON O BON  X30-,981.0,1090.0
132,*ARC COFL AIRE. COMBIN. X27-,981.0,1090.0
133,*ARC COFL AIRE. LECHE X27-,981.0,1090.0
134,*ARC CHOCOLATIN 30X25 BLANCO-,19665.0,21850.0
135,*ARC CHOCOLATIN 30X25 LECHE-,19665.0,21850.0
136,*ARC CHOCOLATIN BLANCO 20X8-,4554.0,5060.0
137,*ARC CHOCOLATIN NEGRO 20X8-,4554.0,5060.0
138,*ARC COFLER BLOCK X20U.-,859.5,955.0
139,*ARC COFLER BLOCK BLANCO X20U.-,859.5,955.0
140,*ARC COFLER BLOCK X300GS-,6676.2,7418.0
141,*ARC COFLER BLOCK X170G-,3912.3,4347.0
142,*ARC COFLER BOCKAZO X 1 KG-,19044.0,21160.0
143,*ARC COFLER BLOCK MITI MITI X170 GRS-,3912.3,4347.0
144,*ARC COFLER BLOCK TABLETA X110-,2223.0,2470.0
145,*CRIOLLITAS X3 -,956.7,1063.0
146,*CRIOLLITAS X100 GR,0.0,0.0
147,*BAGLEY OPERA X220GS-,1439.1,1599.0
148,*BAGLEY OPERA X55GS-,441.0,490.0
149,*BAGLEY OPERA X92GS-,688.5,765.0
150,*BAGLEY CHOCOLINA X170GS-,916.2,1018.0
151,*BAGLEY CHOCOLINA X262GS-,1268.1,1409.0
152,*bagley chocolinas blanca x262gr-,1206.0,1340.0
153,*BAGLEY SONRISAS FRUTILLA-,770.4,856.0
154,*BAGLEY RUMBA X112GS-,770.4,856.0
155,*BAGLEY RUMBA x336-,2013.3,2237.0
156,*BAGLEY MELLIZAS X112GS-,770.4,856.0
157,*BAGLEY MERENGADAS X93-,770.4,856.0
158,*BAGLEY AMOR X112 GS-,770.4,856.0
159,*MACUCAS X110 GS-,616.5,685.0
160,*BAGLEY TRAVIATA X303GS-,1164.6,1294.0
161,*BAGLEY TRAVIATA X100 GR-,0.0,0.0
162,*AGUILA SALADIX JAMON X100-,993.6,1104.0
163,*AGUILA SALADIX PARMEZANO X100-,993.6,1104.0
164,*AGUILA SALADIX PIZZA X100-,993.6,1104.0
165,*AGUILA SALADIX CALABRESA X30-,666.0,740.0
166,*AGUILA SALADIX CALABREZA  X100-,993.6,1104.0
167,*AGUILA SALADIX JAMON X30-,666.0,740.0
168,*AGUILA SALADIX PARMEZANO X30-,666.0,740.0
169,*AGUILA SALADIX PIZZA X30G-,666.0,740.0
170,*BAGLEY PORTEÑITA X130-,703.8,782.0
171,*ARC TURRON 50X25G.-,7470.0,8300.0
172,*FIZZ X48 U -,7193.7,7993.0
173,*BAGLEY REX ESTUCHE X125-,1113.3,1237.0
174,*BAGLEY REX TUBO X75-,740.7,823.0
175,*BAGLEY REX X75G.-,740.7,823.0
176,*BAGLEY KESITAS ESTU. X125-,1113.3,1237.0
177,*BAGLEY KESITAS X75G.-,740.7,823.0
178,*BAGLEY SALVADO X3- ,1917.0,2130.0
179,*BAGLEY SALVADO X100 GR-,747.0,830.0
180,*ARC TURRON CHOCOLATE -,0.0,0.0
181,*SERRANAS SANDWICH X16,0.0,0.0
182,*SURTIDO BAGLEY -,1676.7,1863.0
183,*SURTIDO DIVERSION -,1454.4,1616.0
184,*BON O BON COCO 270GR,4783.5,5315.0
185,*KIOSCO EN CASA X246 GR-,5278.5,5865.0
186,*ARCOR SELECCION X228 GR-,5154.3,5727.0
187,*MOGUL CONITOS X1 KG -,6157.8,6842.0
188,*MOGUL JELLY BUTTONS X1 KG-,6157.8,6842.0
189,*MOGUL ANILLOS X1 KG -,6157.8,6842.0
190,*MOGUL DIENTES X500 GRS-,4228.2,4698.0
191,*MOGUL DIENTES X150 GRS-,0.0,0.0
192,*MOGUL MORAS X500 GRS-,4228.2,4698.0
193,*MOGUL MORAS X150 GRS-,0.0,0.0
194,*MOGUL FRUTILLAS ACIDAS X150 GRS-,0.0,0.0
195,*MOGUL SANDIA X500 GRS-,4228.2,4698.0
196,*MOGUL FRUTILLAS ACIDAS X500 GRS-,4228.2,4698.0
197,*AGUILA BARRA X150 GRS-,3555.0,3950.0
198,*AGUILA BARRA X100 GRS -,2791.8,3102.0
199,*AGUILA BARRA 14X24 GRS-,12775.5,14195.0
200,*AGUILA BARRA 60% CACAO 14X24 GRS-,12775.5,14195.0
201,*ARC CEREAL MIX X20 CLASICO-,8964.0,9960.0
202,*ARC CEREAL MIX X20 FLLA/CHOCOLATE-,8964.0,9960.0
203,*ARC CEREAL MIX X20 FRUTILLA-,8964.0,9960.0
204,*ARC CEREAL MIX X20 FRUTILLA LIGHT-,8964.0,9960.0
205,*ARC CEREAL MIX X20 MANZANA-,8964.0,9960.0
206,*ARC CEREAL MIX PASION CHOCOLATE X20 U-,8964.0,9960.0
207,*ARC CEREAL MIX CHOCOLATE X20 U-,8964.0,9960.0
208,*MOGUL PALOTES EXTEME UVA X70 U -,5137.2,5708.0
209,*MOGUL PALOTES EXTREME SANDIA X70 U-,5137.2,5708.0
210,*MOGUL PALOTES EXTREME TUTI X70 U-,5137.2,5708.0
211,*ARC MOGUL EXTREME ROCK X10U.-,5645.7,6273.0
212,*ARC MOGUL EXTREME SANDIA X10-,5645.7,6273.0
213,*ARC MOGUL OSITO EXTREME X1OU.-,5645.7,6273.0
214,*MOGUL JELLY BEANS X10,5645.7,6273.0
215,*MOGUL DIENTES X50GR X10 UN ,5645.7,6273.0
216,*MOGUL MORAS X 50GR X10UN,5645.7,6273.0
217,*ARC MOGUL CEREBRITO X12-,3991.5,4435.0
218,*ARC MOGUL DINOS X12U-,3991.5,4435.0
219,*ARC MOGUL FRUTAL 10X60-,3991.5,4435.0
220,*ARC MOGUL OSITOS   X12U-,3991.5,4435.0
221,*ARC MOGUL PIECITOS X12U-,3991.5,4435.0
222,*ARC MOGUL TIBURON  X12U-,3991.5,4435.0
223,*ARC MOGUL VIBORITA X12U-,4885.2,5428.0
224,*ARC MOGUL ROLLO X12 EXTREME-,3746.7,4163.0
225,*ARC ROLLO MOGUL X12-,3746.7,4163.0
226,*ARC CHUPETIN ARQUITO X50U-,3674.7,4083.0
227,*MOGUL TUBITOS X16 U-,4724.1,5249.0
228,*ARC POPS EVOL EXTREME X24u.-,2965.5,3295.0
229,*ARC POPS EVOLU X24 P/LENGUA-,2965.5,3295.0
230,*ARC POPS EVOLU X24 SURTIDO-,2965.5,3295.0
231,*ARC POPS EVOLU X24U BERRY-,2965.5,3295.0
232,*ARC POPS EVOLU X24U CEREZA-,2965.5,3295.0
233,*FLICS FRUTAS X14 U -,4230.0,4700.0
234,*CABSHAC AVELLANAS X24UN,0.0,0.0
235,*CABSHAC MARROC X24UN,0.0,0.0
236,*TRAVIATA REX X36,459.0,510.0
237,*TRAVIATA KESITAS X36,459.0,510.0
238,*COFLER COOKIES BON O BON X105GR X16U,1647.0,1830.0
239,*COFLER COOKIES CHOCO  X105GR X16U,1647.0,1830.0
240,*COFLER COOKIES BAÑADA X105GR X16U,1647.0,1830.0
241,*BAGGIO MANZANA X1 L-,1170.0,1300.0
242,*BAGGIO NARANJA X1 L -,1170.0,1300.0
243,*BAGGIO MULTIFRUTA X 1L-,1170.0,1300.0
244,*BAGGIO NARANJA X200 -,310.5,345.0
245,*BAGGIO MANZANA X200-,310.5,345.0
246,*BAGGIO MULTIFRUTA X200-,310.5,345.0
247,*BARILOCHITO CEREZAS X24U-,0.0,0.0
248,*BARILOCHITO UVAS X24-,0.0,0.0
249,*BARILOCHITO WHISKY X24-,0.0,0.0
250,*BARILOCHITO DULCE DE LECHE X24-,0.0,0.0
251,*BIC LAPICERAS X50 U AZUL-,488.7,543.0
252,*BIC LAPICERAS X50 U NEGRA-,488.7,543.0
253,*BICO LAPICERAS X50 U ROJA-,488.7,543.0
254,*BIC ENCENDEOR MAXI X12-,846.0,940.0
255,*BIC ENCENDEOR MINI X12-,675.0,750.0
256,*BILLIKEN RUEDITAS X12U.-,2166.3,2407.0
257,*BILLIKEN MAST. FRUTAL -,2256.3,2507.0
258,*BILLIKEN MAST. YOGHURT-,2256.3,2507.0
259,*TEMBLEKE BIYU ,7933.5,8815.0
260,*BIZNIKKE X28 GRS-,7785.0,8650.0
261,*BIZNIKKE  BLANCO X28GR-,7785.0,8650.0
262,*MECANO CHOCOLATE X19 GS RUEDA X24 U -,7560.0,8400.0
263,*MECANO BLANCO X19 GS RUEDA X24 U-,7560.0,8400.0
264,*MECANO TABLETA CHOCO X45 GS -,0.0,0.0
265,*MECANO TABLETA BLANCO X45 GS -,0.0,0.0
266,*MECANO TABLETA CHOC X 80 GS -,1170.0,1300.0
267,*MECANO TABLETA  BLANCO X 80 GS -,1170.0,1300.0
268,*BONA BOCADITO DDL -,8280.0,9200.0
269,*BONA BOCADITO MENTA -,0.0,0.0
270,*BONA MECANO NUGATON RUEDA ,7560.0,8400.0
271,*BONA BOCADITO RHUM-,0.0,0.0
272,CACHAFAZ ALFAJOR X12 NEGRO ,14851.8,16502.0
273,CACHAFAZ ALFAJOR X12 BLANCO,14851.8,16502.0
274,CACHAFAZ ALFAJOR X12 MAICENA,14851.8,16502.0
275,CACHAFAZ ALFAJOR X12 MOUSSE,14851.8,16502.0
276,CACHAFAZ CONITO X12U.,13383.0,14870.0
277,CACHAFAZ MARROC X54 U ,29783.7,33093.0
278,CACHAFAZ GALLETA ALGARROBA,1438.2,1598.0
279,CACHAFAZ GALLETA AVE/CHIP ,1881.0,2090.0
280,CACHAFAZ GALLETA AVE/PASAS,1438.2,1598.0
281,CACHAFAZ GALLETA GRANOLA,1683.0,1870.0
282,*CADBURY INTENSE X24GR,0.0,0.0
283,*AZUCAR CAMPO BLANCO X 10 ,675.0,750.0
284,CAPITAN NEGRO X36,693.0,770.0
285,CAPITAN BLANCO X36,693.0,770.0
286,CAPITAN TRIPLE X3 x24,1085.4,1206.0
287,CAPITAN FRUTA ,0.0,0.0
288,CAPULLITOS CAÑITOS X80GS.,288.0,320.0
289,CAPULLITOS CHIZITO COLOR X80,288.0,320.0
290,CAPULLITOS CHIZITO X80G,288.0,320.0
291,CAPULLITOS LARGUITOS X80GS.,288.0,320.0
292,CAPULLITOS MAIZ 30X20GS,288.0,320.0
293,CAPULLITOS MAIZ X80GS.,288.0,320.0
294,CAPULLITOS PIZZITAS X80,288.0,320.0
295,CAPULLITOS TAPITAS X80GS.,288.0,320.0
296,CARILO GALLETA ARROZ C/SAL,1028.7,1143.0
297,CARILO GALLETA ARROZ DULCE X150,1028.7,1143.0
298,CARILO GALLETA ARROZ S/SAL,1028.7,1143.0
299,*CARTAS CASINO X50 NAIPES -,1475.1,1639.0
300,*CARTAS CASINO X40 NAIPES-,1271.7,1413.0
301,CEREALKO ARROCITAS CARAMEL x55,738.0,820.0
302,CEREALKO ARROCITAS F/HIERBAS x55,738.0,820.0
303,CEREALKO ARROCITAS ORIGINAL x55,738.0,820.0
304,*CHOCMAN CLASICO X15,10854.0,12060.0
305,*CHOCMAN BLACK X15,10854.0,12060.0
306,*CHOCOARROZ DULCE DE LECHE X30-,279.0,310.0
307,*CHOCOARROZ BLANCO X30-,279.0,310.0
308,*CHOCOARROZ LIMON X30-,279.0,310.0
309,*CHOCOARROZ MOUSSE X30-,279.0,310.0
310,CILO LENGUITA BA—ADA X300GS.,918.9,1021.0
311,CILO LENGUITA MEMBRILLO X400,918.9,1021.0
312,CILO MIEL X350GS.,918.9,1021.0
313,CILO SURTIDA X400GS.,918.9,1021.0
314,CILO ANILLOS LIMON X400,918.9,1021.0
315,CILO ANILLOS VAINILLA X400,918.9,1021.0
316,CILO DOBLINAS X320,918.9,1021.0
317,CILO LENGUITA COCO X340,918.9,1021.0
318,CILO LENGUITA X200GS.,324.9,361.0
319,CILO LENGUITA X400GS.,918.9,1021.0
320,CILO PEPA BA—ADA X300GS.,918.9,1021.0
321,CILO PEPA LIGHT X300G,918.9,1021.0
322,CILO PEPAS X200GS.,918.9,1021.0
323,CILO PEPAS X400GS.,918.9,1021.0
324,CILO POLVOR AZUC. X400G,918.9,1021.0
325,CILO POLVORON C/CHIPS X340,918.9,1021.0
326,CILO SCONS X400G.,918.9,1021.0
327,*CURITAS X24 UN -,310.5,345.0
328,*DOLCA BANANITA 16X14GS.,4957.2,5508.0
329,*DOLCA BANANITA 16X30GS.-,5593.5,6215.0
330,*CAFÉ DOLCA X50 GR -,2277.0,2530.0
331,*CAFÉ DOLCA SUAVE X50 GR-,2277.0,2530.0
332,*CAFÉ DOLCA X100 GR,3312.0,3680.0
333,*CAFÉ DOLCA SUAVE X100 GR,3312.0,3680.0
334,*CAFE DOLCA X170 GR,5154.3,5727.0
335,*CAFÉ DOLCA SUAVE X170 GR,5154.3,5727.0
336,-DON RAUL PALMERITAS X200GR,887.4,986.0
337,*DORIN''S CORAZONCITOS CLASICO X20U.-,2949.3,3277.0
338,*DORIN''S CORAZONCITOS FRAMBUESA X20U.-,2949.3,3277.0
339,*DORIN''S CORAZONCITOS MIX X20U.-,2949.3,3277.0
340,*DORIN''S CORAZONCITOS MARACUYA MIX X20U.-,2949.3,3277.0
341,*DORIN''S CORAZONCITOS FRUTILLA MIX X20U.-,2949.3,3277.0
342,*DOVE JABON 90gr-,1076.4,1196.0
343,*DESODORANTE DOVE X12,2173.5,2415.0
344,DUCADOS BUDIN X300 CHOCOL C/CHIP,1609.2,1788.0
345,DUCADOS BUDIN X300 D/LECHE C/CHIP,1609.2,1788.0
346,DUCADOS BUDIN X300 GALES,1609.2,1788.0
347,DUCADOS BUDIN X300 LIMON C/SEMILLA,1609.2,1788.0
348,DUCADOS BUDIN X300 NARANJA C/CASC,1609.2,1788.0
349,DUCADOS BUDIN X300 RELL MARACUYA,1609.2,1788.0
350,DUCADOS BUDIN X300 VAINILLA C/FRUTA,1609.2,1788.0
351,DUCADOS BUDIN X300 VIT C/SEMILLAS,1609.2,1788.0
352,DUCADOS BUDIN X350 RELL D/LECHE,1609.2,1788.0
353,DUCADOS BUDIN X350 RELL F/BOSQUE,1609.2,1788.0
354,DUCADOS BUDIN X350 RELL MANZANA,1609.2,1788.0
355,DUCADOS BUDIN X350 RELL MARROC,1609.2,1788.0
356,*PILAS DURACEL AA X14 U-,688.5,765.0
357,*PILAS DURACEL AAA X14 U -,688.5,765.0
358,EDRA PEPAS X180GS.,389.7,433.0
359,EDRA PEPAS X350GS.,762.3,847.0
360,*PAÑUELITOS ELEGANTE-,0.0,0.0
361,*PAÑUELITOS ELITE -,931.5,1035.0
362,*PILAS ENERGIZER AA X10 U-,558.9,621.0
363,*PILAS ENERGIZER AAA X10 U-,558.9,621.0
364,FACHITAS TAPITAS X200GS,800.1,889.0
365,FACHITAS TAPITAS X400GS,1530.0,1700.0
366,FACHITAS CORON CH/BCO X140,646.2,718.0
367,FACHITAS CORON CHOCOL X140,646.2,718.0
368,FACHITAS CORON D/LECHE X140,646.2,718.0
369,FACHITAS CORON DURAZNO X140,646.2,718.0
370,FACHITAS CORON F/BOSQUE X140,646.2,718.0
371,FACHITAS CORON FRAMBU X140,646.2,718.0
372,FACHITAS CORON FRUTILLA X140,646.2,718.0
373,FACHITAS CORON LIMON X140,646.2,718.0
374,FACHITAS CORON VAINILLA X140,646.2,718.0
375,FANTOCHE ALF TRIPLE BLANCO X1,524.7,583.0
376,FANTOCHE ALF TRIPLE NEGRO X1,524.7,583.0
377,FANTOCHE ESPUMITA X300G,897.3,997.0
378,FANTOCHE HOROSCOPO X300,1008.0,1120.0
379,FANTOCHE MARMOLADA X350,1008.0,1120.0
380,FANTOCHE YAYITA BLACK X250,1008.0,1120.0
381,FANTOCHE YAYITA X275GS.,1008.0,1120.0
382,FANTOCHE ESPUMITA X300G,897.3,997.0
383,FANTOCHE HOROSCOPO X300,1008.0,1120.0
384,FANTOCHE MARMOLADA X350,1008.0,1120.0
385,FANTOCHE YAYITA BLACK X250,1008.0,1120.0
386,FANTOCHE YAYITA X275GS.,1008.0,1120.0
387,REFRESCO TUTI X 12U ,5094.0,5660.0
388,REFREZCO ROJO X12 U,5094.0,5660.0
389,REFREZCO MANDARINA X12 U ,5094.0,5660.0
390,REFREZCO NARANJA X12 U ,5094.0,5660.0
391,REFREZCO MENTOL X12 U ,5094.0,5660.0
392,FELF. LICORFORT WHISKY X15,0.0,0.0
393,FELFORT BOC. CERICET X24,0.0,0.0
394,FELFORT BOTELLITA X20U,0.0,0.0
395,FELFORT DOS CORAZONES X20U,19363.5,21515.0
396,FELFORT FEELING X30,14931.0,16590.0
397,FELFORT JACKELIN X15,10629.0,11810.0
398,FELFORT JACKELIN X30,23400.0,26000.0
399,FELFORT KOOKY BOM X30U. ,6966.0,7740.0
400,FELFORT LICORITAS X25U,24654.6,27394.0
401,FELFORT MARROC X60U,32124.6,35694.0
402,FELFORT MEDALLON D/LECHE X20,14166.0,15740.0
403,FELFORT MENTITAS X30,13408.2,14898.0
404,FELFORT PARAGUITAS X20,0.0,0.0
405,FELFORT PARAGUITAS X40U,21996.0,24440.0
406,FELFORT PIRATAS X60,20304.0,22560.0
407,FELFORT TAB. C/MANI X250G,9540.0,10600.0
408,FELFORT TAB. L Y M 10X75G,31680.0,35200.0
409,FELFORT TURRONCINO 5 CER X30,39128.4,43476.0
410,FELFORT TURRONCINO X30,39128.4,43476.0
411,FELFORT CHUPELATIN X32,27544.5,30605.0
412,FELFORT TIVIS X20,14544.0,16160.0
413,FELFORT C/FORT ACTION X24,10238.4,11376.0
414,FELFORT C/FORT CHOCOLATE X24,10238.4,11376.0
415,FELFORT C/FORT CROCO  X24,10238.4,11376.0
416,FELFORT C/FORT FLEKOS X24,10238.4,11376.0
417,FELFORT C/FORT FRUTILLA X24,10238.4,11376.0
418,FELFORT C/FORT FRUTOS-ROJOS X24,10238.4,11376.0
419,FELFORT C/FORT GRAN RICO X24,10238.4,11376.0
420,FELFORT C/FORT LADIES,10238.4,11376.0
421,FELFORT C/FORT MANZANA X24,10238.4,11376.0
422,FELFORT C/FORT NUTRI X24,10238.4,11376.0
423,FELFORT C/FORT ROJO X24,10238.4,11376.0
424,FELFORT C/FORT YOG. ANANA X24,10238.4,11376.0
425,FELFORT BARRITA CHOCO/MANI 24X20,0.0,0.0
426,FELFORT BARRITA NEGRO 30X16,0.0,0.0
427,FELFORT BARRITA BLANCO 30X16,0.0,0.0
428,FELFORT ESPACIAL FORT X20 U,0.0,0.0
429,FELFORT NOBEL 15X35 GF,21667.5,24075.0
430,FELFORT HUEVO JACK,0.0,0.0
431,FELFORT DIABFORT X20 X50GR,0.0,0.0
432,*FERNET BRANCA x750-,0.0,0.0
433,*KINDER JOY -,1373.4,1526.0
434,*KINDER X12 NENE -,1323.0,1470.0
435,*KINDER X12 NENA -,1323.0,1470.0
436,*KINDER MAXI X10 U -,6408.0,7120.0
437,*KINDER BUENO WHITE X10 U -,1678.5,1865.0
438,*KINDER BUENO  X10 U -,1678.5,1865.0
439,*KINDER BARRA 20X50GR GRS-,1505.7,1673.0
440,*FERRERO ROCHER 3X16-,1684.8,1872.0
441,*FERRERO ROCHER ACRILICO-,0.0,0.0
442,*FERRERO ROCHER ACRILICO X12-,7069.5,7855.0
443,*FERRERO ROCHER X24U.-,13729.5,15255.0
444,*FERRERO ROCHER X8U.-,5034.6,5594.0
445,*FERRERO ROCHER X4U.-,2440.8,2712.0
446,*TIC TAC MENTA fuerte X12 U-,5850.0,6500.0
447,*TIC TAC NARANJA X12 U-,5850.0,6500.0
448,*TIC TAC MIX X12U-,5850.0,6500.0
449,*TIC TAC FRUTILLA X12 U-,5850.0,6500.0
450,*TIC TAC MENTA X12 U-,5850.0,6500.0
451,*KINDER BARRITA X24U-,10729.8,11922.0
452,FOR-VAN FORMULA 20X160 F/P,8327.7,9253.0
453,FOR-VAN VAN 1 20X160 F/P,7857.0,8730.0
454,FOR-VAN CHOCOVAN X130G.,504.0,560.0
455,FOR-VAN VAN 1 X200GS.,542.7,603.0
456,FOR-VAN VAN 1 X330GS.,857.7,953.0
457,*FUN POP X12U.-,1478.7,1643.0
458,*LA GALLINA COQUITA X8U.-,2124.0,2360.0
459,*WATER POP X8 U -,1890.0,2100.0
460,*CATZ FUN X6U.-,1818.0,2020.0
461,*PUPPY HOUSSE X8U-,1917.0,2130.0
462,*CATY HOUSE X8 U -,1917.0,2130.0
463,*SHARK POP X8U.-,2028.6,2254.0
464,*FUN GALLINA CHICKEN CHAT X16 U-,2123.1,2359.0
465,*FROSTY POP X8U.-,1641.6,1824.0
466,*LION POPS X8U.-,2160.0,2400.0
467,*BUBBLE ROLL X8U.-,1620.0,1800.0
468,*BUBBLE ROLL SURTIDO X8U.-,1620.0,1800.0
469,*AIR POP X9-,2225.7,2473.0
470,*WACKY MONKEY X8-,2225.7,2473.0
471,*PUNCHY MONKEY X8U.-,2225.7,2473.0
472,*EMOTI POP X9-,1530.0,1700.0
473,*SPORT POP X6U.-,1530.0,1700.0
474,*TWISTER POP X8-,1640.7,1823.0
475,*COCO POPS X8U.-,1746.0,1940.0
476,*CATCH POP X8U.-,1530.0,1700.0
477,*DOGGY POP-,2160.0,2400.0
478,*LASER POP X6U. MONSTER-,9900.0,11000.0
479,*UNI POP X9U.-,1782.0,1980.0
480,*OKIPOPS X16U.-,0.0,0.0
481,*OKIS HUEVOS X12U.-,0.0,0.0
482,*OKIS HUEVOS X6U.-,0.0,0.0
483,*KREEPY POP X8 U-,873.0,970.0
484,*CRAZY POP TIRA NARANJA X20 U -,373.5,415.0
485,*CRAZY POP TIRA MANZANA X20 U-,373.5,415.0
486,*CRAZI POP TIRA UVA X20 U -,373.5,415.0
487,*CRAZY POP TIRA FRUTILLA X20 U-,373.5,415.0
488,*MEGA WATER POP X4-,2191.5,2435.0
489,*GUMMY ZONE BURGER X24-,4100.4,4556.0
490,*GUMMY ZONE DOGGIE X24U.-,4100.4,4556.0
491,*GUMMY ZONE MINI PIZZA X24U.-,7650.0,8500.0
492,*CANDELA ENCENDEDOR X25U.-,5034.6,5594.0
493,*ENCENDEDOR BX7 x50un-,441.0,490.0
494,*ENCENDEDOR SHARK-,4831.2,5368.0
495,*CANDELA VENGALA X4 U -,1833.3,2037.0
496,*GUMMY PIZZA XXL X24,13158.0,14620.0
497,FUTURO MINIPEPA X150GS.,364.5,405.0
498,FUTURO PEPA X170GS.,360.0,400.0
499,FUTURO PEPA X1K.,2034.0,2260.0
500,FUTURO PEPA X300GS.,594.0,660.0
501,*GAROTO BOMBON X250G-,4036.5,4485.0
502,FLYN PAFF GOMITAS SURTIDAS X12 U ,1551.6,1724.0
503,FLYN PAFF GOMITAS TUTI X12 U ,1551.6,1724.0
504,FLYN PAFF GOMITAS SPORT X12 U ,1551.6,1724.0
505,*STANI LA YAPA X36U.-,5863.5,6515.0
506,GEO. FLYNN PAFF CONFITADO ACIDO X6,2766.6,3074.0
507,GEO. FLYNN PAFF CONFITADO X6,2766.6,3074.0
508,FLYNN PAFF XXL ,0.0,0.0
509,*GEO. FLYNN PAFF X70 ANANA-,3415.5,3795.0
510,*GEO. FLYNN PAFF X70 BANANA-,3415.5,3795.0
511,*GEO. FLYNN PAFF X70 FRUTILLA-,3415.5,3795.0
512,*GEO. FLYNN PAFF X70 FRUTILLA /VAINILLA-,3415.5,3795.0
513,*GEO. FLYNN PAFF X70 MANZANA-,3415.5,3795.0
514,*GEO. FLYNN PAFF X70 PINTA-LENGUA-,3415.5,3795.0
515,*GEO. FLYNN PAFF X70 TUTI-,3415.5,3795.0
516,*GEO. FLYNN PAFF X70 UVA-,3415.5,3795.0
517,*GEO. FLYNN PAFF X70 YOGUR FRUTILLA DURAZNO-,3415.5,3795.0
518,*GEO. FLYNN PAFF X70 YOGUR FRUTILLA BANANA-,3415.5,3795.0
519,*GEO. FLYNN PAFF ANANA TROPICAL X70 -,3415.5,3795.0
520,*GEO. FLYNN PAFF LIMA BERRY X70 -,3415.5,3795.0
521,*GEO. FLYNN PAFF LIMA LIMON X70 -,3415.5,3795.0
522,*FULL MANI X100-,0.0,0.0
523,*FULL MANI X160-,2673.0,2970.0
524,*FULL MANI X35 GRS-,0.0,0.0
525,*STANI MEDIA HORA X200U.-,7812.9,8681.0
526,*STANI PALITO SELVA X600GS.-,4916.7,5463.0
527,CHUPETIN PALITO DE LA SELVA X 24 U,3294.0,3660.0
528,*MANTECOL BAÑADO X20GS.,450.0,500.0
529,*MANTECOL X26GS.-,459.0,510.0
530,*MANTECOL X41GS.-,631.8,702.0
531,*MANTECOL X64G.-,765.0,850.0
532,*MANTECOL X110 GRS-,1345.5,1495.0
533,*GILLETE PRESTOBARBA ULTRA GRIP X20-,855.0,950.0
534,*GILLETE PRESTOBARBA TRES FILOS X10 -,1525.5,1695.0
535,*GILLETE PRESTOBARBA X2 VEREDE,2847.6,3164.0
536,*ODORONO REXONA -,0.0,0.0
537,"GLIN""S CELOSAS X230GS.",771.3,857.0
538,GLIN`S CELOSAS X110GS.,385.2,428.0
539,GLIN`S CELOSAS X350GS.,1156.5,1285.0
540,GLIN`S RELLENAS X200 FRUTILLA,0.0,0.0
541,GLIN`S RELLENAS X90GS. FRUTILLA,0.0,0.0
542,GOLOMIX GOMA X800 BANANA,3244.5,3605.0
543,GOLOMIX GOMA X800 EUCALIPTO,3244.5,3605.0
544,GOLOMIX GOMA X800 FRUTAL ,3244.5,3605.0
545,GOLOMIX GOMA X800 GUSANITOS,3244.5,3605.0
546,GOLOMIX GOMA X800 MENTOL ,3244.5,3605.0
547,GOLOMIX GOMA X800 MINIFRUTAL,3244.5,3605.0
548,GOLOMIX GOMA X800 RODAJAS ,3244.5,3605.0
549,GOLOMIX GOMA X800 ROSA,3244.5,3605.0
550,GOLOMIX GOMA X800 SUPER MENTOL,3244.5,3605.0
551,GOLOMIX X800 OROZUS ,4647.6,5164.0
552,*GONGYS X28 GS -,225.0,250.0
553,*GOOD SHOW PAPAS CLASICAS X63GR,702.0,780.0
554,*GOOD SHOW PALITOS SALADOS 100GR,702.0,780.0
555,*GOOD SHOW PAPAS HUEVO FTO 63GR,702.0,780.0
556,*GOOD SHOW PAPAS AMERICANAS X63GR,702.0,780.0
557,*GOOD SHOW PAPAS PAY 63GR,702.0,780.0
558,*GOOD SHOW CHIZITOS 63RG,702.0,780.0
559,*GOOD SHOW PAPAS RUSTICAS 93GR,1008.0,1120.0
560,*GOOD SHOW PAPAS AMERICANAS X500GR,3330.0,3700.0
561,*GOOD SHOW PAPAS JAMON SERRANO X63GR,702.0,780.0
562,*GOOD SHOW PAPAS CLASICAS X500GR,3330.0,3700.0
563,*GOOD SHOW CHEDDAR 63GR,702.0,780.0
564,GRANIX FRUTIG C/PASAS X250,1134.0,1260.0
565,GRANIX FRUTIG C/CHIPS x255,1679.4,1866.0
566,GRANIX FRUTIG SALVADO  X250,916.2,1018.0
567,GRANIX FRUTIG SEM.CHIA X240,1102.5,1225.0
568,GRANIX FRUTIG SEM/SESAMO X260,1102.5,1225.0
569,GRANIX FRUTIG F/ROJOS X250,1678.5,1865.0
570,GRANIX FRUTIG TROPICAL X250GS.,1679.4,1866.0
571,GRANIX SESAMO S/SAL X175,711.0,790.0
572,GRANIX CEREAL X185GS.,686.7,763.0
573,GRANIX GRANAGUA SANWICH x600,2109.6,2344.0
574,GRANIX GRANAGUA X200GS.,733.5,815.0
575,GRANIX LINO X185GS.,665.1,739.0
576,GRANIX SALVADO S/SAL X230,817.2,908.0
577,GRANIX SALVADO X135G.,551.7,613.0
578,GRANIX SALVADO X240GS.,886.5,985.0
579,GRANIX SALVADO X720G.,2427.3,2697.0
580,GRANIX SEMOLADA X420GS.,0.0,0.0
581,GRANIX SESAMO X185GS.,696.6,774.0
582,GRANIX SIN SAL X140G.,509.4,566.0
583,GRANIX SIN SAL X185GS.,678.6,754.0
584,GRANIX SIN SAL X555GS.,1922.4,2136.0
585,GRANIX SURTIDO FIESTA X350,1193.4,1326.0
586,GUAYMALLEN NEGRO X40 U ,6688.8,7432.0
587,GUAYMALLEN BLANCO X40 U ,6688.8,7432.0
588,GUAYMALLEN FRUTA X40 U ,6688.8,7432.0
589,GUAYMALLEN TRI BLANCO X24 U,6688.8,7432.0
590,GUAYMALLEN TRI NEGRO X24U ,6688.8,7432.0
591,GUAYMALLEN ORO X24 U ,8403.3,9337.0
592,GUAYMALLE TRIPLE FRUTA X24,6554.7,7283.0
593,*HAMLET BICOLOR X21-,415.8,462.0
594,*HAMLET BLANCO X21-,415.8,462.0
595,*HAMLET CHOCOLATOSO X21-,415.8,462.0
596,*HAMLET ALM. MANI X21-,415.8,462.0
597,*HAMLET LECHE COOKIES X21-,415.8,462.0
598,*HAMLET FRUTILLA X21-,415.8,462.0
599,*HILERET LUQUIDO   X250 ML,0.0,0.0
600,*HILERET LIQUIDO  X500 ML ,0.0,0.0
601,*HILERET AZUCAR LIGTH X250 GR-,931.5,1035.0
602,*HILEREZ AZUCAR LIGTH X500 GR-,1604.7,1783.0
603,HJ BISCUIT X130GS.,702.0,780.0
604,*HELLMANNS X118 GR 20 U-,442.8,492.0
605,*HELLMANNS X237 GR -,859.5,955.0
606,*HELLMASNNS X500 GR -,1537.2,1708.0
607,*HELLMANNS X 1 KG-,2950.2,3278.0
608,HOJALMAR MATERO SALADO X180,544.5,605.0
609,HOJALMAR MATERO SNACK X180,544.5,605.0
610,HOJALMAR PALMERA X150GS,712.8,792.0
611,HOJALMAR TALITA CLASICA X 120GS.,0.0,0.0
612,HOJALMAR TRIANGULO X150,612.0,680.0
613,HOJALMAR TRIANGULO X250,897.3,997.0
614,HOJALMAR VARITA X150GS.,612.0,680.0
615,HOJALMAR VARITA X250GS.,897.3,997.0
616,*PAÑALES HUGGIES ,1350.0,1500.0
617,JORGITO ALF NEGRO X24 U ,12056.4,13396.0
618,JORGITO ALF BLANCO X24 U ,12056.4,13396.0
619,JORGITO ALF FRUTA X24 U ,12056.4,13396.0
620,JORGITO ALF NEGRO X155 ,1538.1,1709.0
621,JORGITO ALF BLANCO X155 ,1538.1,1709.0
622,JORGITO ALF CHO/BLACO X155,1538.1,1709.0
623,JORGITO ALF FRUTA X155,1538.1,1709.0
624,JORGITO ALF MOUSE X155,1538.1,1709.0
625,JORGITO CONITO X 12 U,6825.6,7584.0
626,JORGELIN ALF NEGRO X24 U-,746.1,829.0
627,JORGELIN ALF BLANCO X24 U-,746.1,829.0
628,JORGITO BIZ. GRASA X200,518.4,576.0
629,JORGITO BIZ. GRASA X400,1037.7,1153.0
630,JORGELIN BLANCO 24X90GS,16129.8,17922.0
631,JORGELIN CHOCOLATE 24x90GS.,16129.8,17922.0
632,KING PASTA DE MANI C/CHOC X350,2137.5,2375.0
633,KING PASTA DE MANI X350 ,2137.5,2375.0
634,KING PASTA MANI X485GA.,2397.6,2664.0
635,KOKIS CAÑONC BATATA X200G,0.0,0.0
636,KOKIS CAÑONC BATATA X500G,0.0,0.0
637,KOKIS CAÑONCITO MANZANA X500,0.0,0.0
638,KOKIS CAÑONCITO X200G.,666.9,741.0
639,KOKIS CAÑONCITO X500GS.,1515.6,1684.0
640,KOKIS GALLEGUITA COCO X 500G,1400.4,1556.0
641,KOKIS GALLEGUITA LIMON X500G,1296.0,1440.0
642,KOKIS GALLEGUITA X200G.,562.5,625.0
643,KOKIS GALLEGUITA X500GS,1296.0,1440.0
644,KOKIS MEMBRILLITO COCO X200,0.0,0.0
645,KOKIS MEMBRILLITO COCO X500,0.0,0.0
646,KOKIS MEMBRILLITO X200G,666.9,741.0
647,KOKIS MEMBRILLITO X500G,1516.5,1685.0
648,KOKIS PEPOS C/MEMBRILLO X500,0.0,0.0
649,KOKIS RECITAL OBLEA X3 CHOCOL,643.5,715.0
650,KOKIS RECITAL OBLEA X3 CLASICA,643.5,715.0
651,KOKIS RECITAL OBLEA X3 FRUT,643.5,715.0
652,KOKIS RECITAL OBLEA X3 VAINILLA,643.5,715.0
653,KOKIS RECITAL X100GS. CHANTILLI,433.8,482.0
654,KOKIS RECITAL X100GS. CHOCOLATE,433.8,482.0
655,KOKIS RECITAL X100GS. CLASICA,433.8,482.0
656,KOKIS RECITAL X100GS. FRUTILLA,433.8,482.0
657,KOKIS RECITAL X100GS. VAINILLA,433.8,482.0
658,KRACHITOS X115GS. PAPA TRADICIONAL,1298.7,1443.0
659,KRACHITOS X115GS.PAPA AMERICANA,1298.7,1443.0
660,KRACHITOS X330 PAPAS CHEDDAR,3073.5,3415.0
661,KRACHITOS X420 AMERICANA,3786.3,4207.0
662,KRACHITOS X420 TRADICIONAL,3786.3,4207.0
663,KRACHITOS X500 PALITOS SALADOS,3456.0,3840.0
664,KRACHITOS X55 PAPA CEBOLLA/CREMA,745.2,828.0
665,KRACHITOS X55 PAPAS SIN/SAL,774.0,860.0
666,KRACHITOS X55GS. BASTONCITOS,604.8,672.0
667,KRACHITOS X55GS. JAMON,732.6,814.0
668,KRACHITOS X55GS. PAPA AMERICANA,747.0,830.0
669,KRACHITOS X55GS. PAPA TRADICIONAL,747.0,830.0
670,KRACHITOS X55GS. PAPAS PAY,697.5,775.0
671,KRACHITOS X65GS. PALITOS SALADOS,553.5,615.0
672,KRACHITOS X65GS. PAPA CHEDAR,729.0,810.0
673,KRACHITOS X65GS. PAPA KETCHUP,729.0,810.0
674,KRACHITOS X60GS. CHIZITOS,603.0,670.0
675,*MENTITAS SANDIA X12,2288.7,2543.0
676,*D.R.F.MENTA X12 U-,2142.0,2380.0
677,*D.R.F.NARANJA X 12 U -,2142.0,2380.0
678,*D.R.F MENTOL X12 U -,2142.0,2380.0
679,*D.R.F ANIS X12 U -,2142.0,2380.0
680,*D.R.F LIMON X20 U -,2142.0,2380.0
681,*D.R.F SURTIDA X 24 U -,5040.0,5600.0
682,*D.R.F FRUTOS ROJOS X 12 U -,2142.0,2380.0
683,*D.R.F FRUTOS CITRICOS X12 U -,2142.0,2380.0
684,*YIPI PASTILLA X12-,1932.3,2147.0
685,*MENTITAS KIDS X12U. BANANA-,0.0,0.0
686,*MENTITAS KIDS X12U. D/LECHE-,0.0,0.0
687,*MENTITAS KIDS X12U. TUTTI-,0.0,0.0
688,*AMBRO MENTITAS CHERRY X12-,2288.7,2543.0
689,*AMBRO MENTITAS D/LECHE X12-,2288.7,2543.0
690,*AMBRO MENTITAS DUO X12-,2288.7,2543.0
691,*AMBRO MENTITAS FRUTALES X12-,2288.7,2543.0
692,*AMBRO MENTITAS MENTA X12-,2288.7,2543.0
693,*BULL DOG X12U EXTREME LIMON-,2482.2,2758.0
694,*BULL DOG X12U MANDARINA-,2482.2,2758.0
695,*BULL DOG X12U MANZANA-,2482.2,2758.0
696,*BULL DOG X12U SANDIA-,2482.2,2758.0
697,*BULL DOG X12U TUTI-FRUTI-,2482.2,2758.0
698,*BULL DOG X12U UVA-,2482.2,2758.0
699,*BULL DOG  X12U MIX UVA-MANDAR-,2482.2,2758.0
700,*BULL DOG X12U MIX SANDIA-MANZ-,2482.2,2758.0
701,*BULL DOG X12U MIX TUTI-LIMON-,2482.2,2758.0
702,*GOTITA DE AMOR -,2390.4,2656.0
703,*RING POP X24U.-,5760.0,6400.0
704,*RING POP X12U-,2980.8,3312.0
705,LA VIRG  CAFE SAQ. 20X5GS.,3429.9,3811.0
706,LA VIRG CAFE  SAQ. 20UX7GS.,5418.0,6020.0
707,LA VIRG CAFE INS. X100G,3132.0,3480.0
708,LA VIRG CAFE INS. X170G,5132.7,5703.0
709,LA VIRG CAFE INS. X50GS,1950.3,2167.0
710,LA VIRG CAFE SUAVE X170,5131.8,5702.0
711,LA VIRG CAFE SUAVE X50,1950.3,2167.0
712,LA VIRG CAFE X125GS.,2393.1,2659.0
713,LA VIRG CAFE X250GS. ,4281.3,4757.0
714,LA VIRG CAFE X500GS. ,8561.7,9513.0
715,LA VIRG CAP. D D/L X155 D/P,3445.2,3828.0
716,LA VIRG CAP. MOUSE X155 D/P,3445.2,3828.0
717,LA VIRG CAP. VAINILLA X155 DP,3445.2,3828.0
718,LA VIRG CAPPUC.  MOUSSE SAQ. X10U.,4153.5,4615.0
719,LA VIRG CAPPUC. CLASICO SAQ. X10U,3445.2,3828.0
720,LA VIRG CORTADO X10 SAQ.,0.0,0.0
721,LA VIRG ESPRESO 10X6GS.,0.0,0.0
722,LA VIRG TE BOLDO X25SAQ,1349.1,1499.0
723,LA VIRG TE C/LIMON X25 SAQ,1306.8,1452.0
724,LA VIRG TE CANELA X25 SAQ,1216.8,1352.0
725,LA VIRG TE CEDRON X25 SAQ,1323.0,1470.0
726,LA VIRG TE CHAI X20SAQ.,1252.8,1392.0
727,LA VIRG TE DURAZNO X25 SAQ,1192.5,1325.0
728,LA VIRG TE FRUT/TROP X25SAQ.,1403.1,1559.0
729,LA VIRG TE FRUTILLA  X25 SAQ,1252.8,1392.0
730,LA VIRG TE JAZMIN X20SAQ.,1207.8,1342.0
731,LA VIRG TE M/N/POM X25 SAQ,1403.1,1559.0
732,LA VIRG TE MANZ/ANIS X25SAQ,1442.7,1603.0
733,LA VIRG TE MANZANA/CANELA X20SAQ.,1403.1,1559.0
734,LA VIRG TE MANZANILLA X25SAQ,1161.0,1290.0
735,LA VIRG TE MARACUYA X20SAQ.,1403.1,1559.0
736,LA VIRG TE MEZCLA HIERBAS X25SAQ,1308.6,1454.0
737,LA VIRG TE MOS/MANZ X25SAQ,1818.0,2020.0
738,LA VIRG TE MTA/PEPE. X25SAQ,1083.6,1204.0
739,LA VIRG TE ROJO X25 SAQ,1207.8,1342.0
740,LA VIRG TE SAQ  X25U. F/RAPIDO,703.8,782.0
741,LA VIRG TE SAQ. X50U. ,1394.1,1549.0
742,LA VIRG TE TILO C/MANZ-,1321.2,1468.0
743,LA VIRG TE TILO X25SAQ.,1837.8,2042.0
744,LA VIRG TE VERDE C/CITRUS X25SAQ,1206.9,1341.0
745,LA VIRG TE VERDE X25SAQ,1063.8,1182.0
746,LA VIRG TE X100SAQ. F/R,0.0,0.0
747,LA VIRGINIA CAP. LIGHT SAQ. X10U.,3456.9,3841.0
748,LEIVA FAMIL X300G SANDW LIGHT,819.0,910.0
749,LEIVA FAMIL. X300g. SANDWICH,819.0,910.0
750,LEIVA FAMIL. x300g. SIN SAL,792.0,880.0
751,LEIVA FAMIL. x330g. SALVADO,900.0,1000.0
752,LEIVA LECHE X260GS.,1006.2,1118.0
753,LEIVA MARIN LIGHT X420G,0.0,0.0
754,LEIVA MARINERA X420GS.,0.0,0.0
755,LEIVA SALVADO TRIPACK X420GS.,0.0,0.0
756,LEIVA TOSTADA X150 CLASICA,849.6,944.0
757,LEIVA TOSTADA X150 DULCE,849.6,944.0
758,LEIVA TOSTADA X150 SIN SAL,849.6,944.0
759,LEQ PAPA AMERICANA X100,0.0,0.0
760,LEQ PAPA AMERICANA X480,0.0,0.0
761,LEQ PAPA ESPAÑOLA X100G,1027.8,1142.0
762,LEQ PAPA ESPAÑOLA X280GS.,2860.2,3178.0
763,LEQ PAPA ESPAÑOLA X480GS.,4275.0,4750.0
764,LEQ PAPA ESPAÑOLA X65GS.,717.3,797.0
765,*LEVITE POMELO X50O-,509.4,566.0
766,*LEVITE NARANJA X500 -,509.4,566.0
767,*LEVITE PERA X500-,509.4,566.0
768,*LEVITE MANZANA X5OO -,509.4,566.0
769,*LHER. CHUPETON-CITO X12-,4501.8,5002.0
770,*LHER. PICO DULCE 48X15G-,5545.8,6162.0
771,*LHER. CARAMELO PICO D DURO-,3582.0,3980.0
772,*LHER. CARAMELO PICO DUL MASTICABLE-,2365.2,2628.0
773,*LHER. BABY DOLL 18X4U.-,6049.8,6722.0
774,*LHER. BABY DOLL ACIDO 18X4U-,6534.0,7260.0
775,*LHER. BABY DOLL 18X4U SORPRESA-,0.0,0.0
776,*LIA SAPITO X24U MANI-,3855.6,4284.0
777,*LIA SAPITO X24U. CHOCOLATOSO-,3855.6,4284.0
778,*LIA SAPITO X24U. DULCE D/LECHE-,3855.6,4284.0
779,*LIA SAPITO X24U. BLANCO-,3855.6,4284.0
780,*LIA SAPITO X24 FRUTILLA-,3855.6,4284.0
781,*LIA MEDIA TARDE SANDWICH-,993.6,1104.0
782,*LIA MEDIA TARDE X315G.-,809.1,899.0
783,*LIPO BOLON ANIS X900G.-,3254.4,3616.0
784,*LIPO BOLON CEREZA AZUC. X900-,3254.4,3616.0
785,*LIPO BOLON C-LECHE X900-,3254.4,3616.0
786,*LIPO BOLON COCO X900G.-,3254.4,3616.0
787,*LIPO BOLON DEPORLIPO X900-,3254.4,3616.0
788,*LIPO BOLON EUCALIPTO AZUC. X900-,3254.4,3616.0
789,*LIPO BOLON MENTA X900G.-,3254.4,3616.0
790,*LIPO CAPULLITAS X900G.-,3254.4,3616.0
791,*LIPO GAJITOS X900G.-,3254.4,3616.0
792,*LIPO MIEL X800GS.-,3254.4,3616.0
793,*LIPO PRALINE X900G.-,3254.4,3616.0
794,*LIPO SUPER ACIDOS X900G-,3254.4,3616.0
795,*LIPO TRONQUITO SURTIDO X800-,3254.4,3616.0
796,*LIPO VIENA X900G.-,3254.4,3616.0
797,CEREALKO NACHOS KETCHUP ,920.7,1023.0
798,CEREALKO NACHOS QUESO,920.7,1023.0
799,CEREALKO NACHOS X150,1206.0,1340.0
800,CEREALKO NACHOS X250,1690.2,1878.0
801,CEREALKO NACHOS X90,855.0,950.0
802,MADINA CUBANITO 20X150GR,16949.7,18833.0
803,MAFALDA TRIANGULO X150GR,519.3,577.0
804,MAFALDA VARITA X150GR,519.3,577.0
805,*DETERGENTE MAGISTRAL x300ml x21u-,1330.2,1478.0
806,MANIERI GLUT SALV. S/SAL 12X200,7417.8,8242.0
807,MANIERI GLUTEN DULCE 12X200,7417.8,8242.0
808,MANIERI GLUTEN MESA 12X200,7418.7,8243.0
809,MANIERI GLUTEN S/SAL 12X200,7417.8,8242.0
810,MANIERI GLUTEN SALVADO 12X200,7417.8,8242.0
811,MANIERI LIGHT 12X200,8406.9,9341.0
812,MAURI FAUNA X150GS.,387.49,430.54
813,MAURI FAUNA X400GS.,997.2,1108.0
814,MAURI VAINILLA X160GS.,642.6,714.0
815,MAURI VAINILLA X320GS.,1242.0,1380.0
816,MAURI VAINILLA X80GS.,292.0,324.45
817,*MENTOS MENTA X20 U -,5436.0,6040.0
818,*MENTOS MAGIC X20 U-,5436.0,6040.0
819,*MENTOS FRUTILLA X 20 U -,5436.0,6040.0
820,*MENTOS FRUTA FRUT X20 U -,5436.0,6040.0
821,*MENTOS TUTI FRUTI X 20 U -,5436.0,6040.0
822,*MILKA OREO CHOCO X100 IMPORTADO-,2646.0,2940.0
823,*MILKA OREO BROWNIE X100 IMPORTADO-,2646.0,2940.0
824,*MILKA CHOCO OREO IMPORTADO X300 -,7650.0,8500.0
825,*MILKA CHOCO GALLE IMPORTADO X 300 -,7650.0,8500.0
826,*MILKA ALMENDRA X55GR,1422.0,1580.0
827,*MILKA LILA GO OREO X36U,900.0,1000.0
828,*MISKY GOMA FANTASIA X1K-,5020.2,5578.0
829,*MISKY JELLY ROLL X1KG.-,5020.2,5578.0
830,ROMPE MUELAS X50U.-,0.0,0.0
831,*SUGUS ESTUCHE X6U. CLASICO-,720.0,800.0
832,*SUGUS X700G.-,4098.6,4554.0
833,*SUGUS MAX X70 FRUTILLA-,3663.9,4071.0
834,*SUGUS MAX X70 SANDIA-,3663.9,4071.0
835,*SUGUS MAX X70 TUTI-FRUTI-,3663.9,4071.0
836,*SUGUS MAX X70 UVA-,3663.9,4071.0
837,*MISKY CHOCOLATIN NEGRO 25 gr x30u-,13455.0,14950.0
838,*MISKY CHOCOLATIN BLANCO 25gr x30u-,13455.0,14950.0
839,*MISKY CHOCOLATIN NEGRO 8gr-,3883.5,4315.0
840,*MISKY CHOCOLATIN BLANCO 8gr-,3883.5,4315.0
841,*MISKY TURRON MANI 50X30-,6106.5,6785.0
842,*LIA ALKA CHERRY X800GS.-,5796.0,6440.0
843,*LIA ALKA CREMOSO X880-,5796.0,6440.0
844,*LIA ALKA EUCALIP X800-,5796.0,6440.0
845,*LIA ALKA MENTA X800GS.-,5796.0,6440.0
846,*LIA ALKA STRONG X800GS.-,5796.0,6440.0
847,*LIA ALKA SURTIDO X800GS-,5796.0,6440.0
848,*MISKY ROLLO X 12 U -,2403.0,2670.0
849,*MISKY MASTICABLE-,3912.3,4347.0
850,*STANI BELDENT X20 FRUTILLA -,7245.0,8050.0
851,*STANI BELDENT X20 MENTA,7245.0,8050.0
852,*STANI BELDENT X20 MENTOL-,7245.0,8050.0
853,*STANI BELDENT X20 NEGRO-,7245.0,8050.0
854,*STANI BELDENT X20 TUTI-FRUTI-,7245.0,8050.0
855,*STANI BELDENT X20 SANDIA-,7245.0,8050.0
856,*STANI BELDENT INFINIT AZUL X 14,13816.8,15352.0
857,*STANI BELDENT INFINIT VERDE X 14,13816.8,15352.0
858,*STANI BELDENT INFINIT NARANJA X 14,13816.8,15352.0
859,*STANI BELDENT INFINIT TUTI X 14,13816.8,15352.0
860,*BAZOOKA TUTI FRUTI X120 U -,3559.5,3955.0
861,*BAZOOKA MENTA X120 U -,3559.5,3955.0
862,*BUBBALOO UVA X60 U -,3881.7,4313.0
863,*BUBBALOO FRUTILLA X60 U -,3881.7,4313.0
864,*BUBBALOO TUTI FRUTI X60 U -,3881.7,4313.0
865,*BUBBALOO MENTA X60 U -,3881.7,4313.0
866,*STANI MIEL Y MENTA X12 U-,5998.5,6665.0
867,*STANI MIEL Y LIMON X12 U-,5998.5,6665.0
868,*HALLS CHERRY X 12 U-,5998.5,6665.0
869,*HALLS MIEL X12 U-,5998.5,6665.0
870,*HALLS MENTA X12U-,5998.5,6665.0
871,*HALLS COLOR X12 U -,0.0,0.0
872,*HALLS AZUL X12 U -,5998.5,6665.0
873,*HALLS SANDIA X12 U-,5998.5,6665.0
874,*VITA-C FRUTILLA HALLS X12 U-,5998.5,6665.0
875,*VITA-C NARANJA HALLS X12 U -,5998.5,6665.0
876,*HALLS NEGRO X12 U -,5998.5,6665.0
877,*HALLS FREE VERDE X12U,7173.0,7970.0
878,*HALLS FREE ROJA X12 U ,7173.0,7970.0
879,*CLIGHT FRAMBUESA X12 U ,7131.6,7924.0
880,*CLIGHT NARANJA X12 U ,7131.6,7924.0
881,*MILKA BON O BON MILKA OREO X13 U-,0.0,0.0
882,*MILKA ALF TRIPLE MOUSSE X1 U -,855.0,950.0
883,*MILKA ALF TRIPLE BLANCO X1 U -,855.0,950.0
884,*SHOT ALF TRIPLE X1 U-,855.0,950.0
885,*OREO ALF TRIPLE X1 U -,855.0,950.0
886,*MILKA ALF TORTA OREO X1 U -,855.0,950.0
887,*MILKA ALF DULCE DE LECHE TRIPLE X1 U -,855.0,950.0
888,*TERRABUSI ALFA DULCE DE LECHE TRIPLE X1 U -,855.0,950.0
889,*TERRABUSI ALFA TORTA TRIPLE X1 U -,855.0,950.0
890,*PEPITOS ALFA TRIPLE X1 U -,855.0,950.0
891,*OREO BAÑADA NEGRA-,0.0,0.0
892,*OREO BAÑADA BLANCA -,0.0,0.0
893,*STANI LENGUETAZO TUTI X32,3721.5,4135.0
894,*TERRA TITA X18UN.-,428.4,476.0
895,*TERRA RHODESIA X18U.-,466.2,518.0
896,*MILKA LEGER LECHE X50 GRS-,1791.0,1990.0
897,*MILKA LEGER LECHE X110 GRS-,0.0,0.0
898,*MILKA LEGER ALMENDRA X50 GRS-,1791.0,1990.0
899,*MILKA LEGER ALMENDRA X110 GRS-,0.0,0.0
900,*MILKA LEGER COMBINADO X50 GRS-,1791.0,1990.0
901,*MILKA LEGER COMBINADO X110 GRS-,0.0,0.0
902,*MILKA AIREADO LECHE X50 GRS -,1791.0,1990.0
903,*MILKA AIREADO LECHE X110 GRS-,0.0,0.0
904,*MILKA OREO BLANCO X55 GRS -,1966.5,2185.0
905,*MILKA BLANCO X55 GRS-,1964.7,2183.0
906,*MILKA LECHE X55 GRS-,1966.5,2185.0
907,*MILKA ALMENDRA X55 GRS-,1966.5,2185.0
908,*MILKA OREO BLANCO X155 GRS-,0.0,0.0
909,*MILKA ALMENDRA x155 gr-,0.0,0.0
910,*milka leche x155 gr-,0.0,0.0
911,*MILKA CASTAÑAS X 55 GRS-,1966.5,2185.0
912,*MILKA CASTAÑA x155 gr-,0.0,0.0
913,*SHOT TABLETA X170-,3571.2,3968.0
914,*SHOT TABLETA X90GS.-,2322.0,2580.0
915,*SHOT BLOQUECITO 5X35GS.-,837.0,930.0
916,*CADBURY 3 SUEÑOS 12X23G-,12312.0,13680.0
917,*CADBURY 3 SUEÑOS x80 gr-,2709.0,3010.0
918,*CADBURY YOGHUR FRUTILLA 12X27G-,12267.0,13630.0
919,*CADBURY YOGHUR FRUTILLA x80 gr-,2709.0,3010.0
920,*CADBURY ALMENDRA 80Gr-,2709.0,3010.0
921,*CADBURY YOGHUR FRUTILLA X162 GRS-,0.0,0.0
922,*CADBURY ALMENDRA X162 GRS-,0.0,0.0
923,*CADBURY TRES SUEÑOS X162 GRS-,0.0,0.0
924,*TANG X20  MANZANA-,4222.8,4692.0
925,*TANG X20 ANANA-,4222.8,4692.0
926,*TANG X20 DURAZNO-,4222.8,4692.0
927,*TANG X20 LIMONADA-,4222.8,4692.0
928,*TANG X20 MANDARINA-,4222.8,4692.0
929,*TANG X20 MULTIFRUTA-,4222.8,4692.0
930,*TANG X20 NARA-DURAZNO-,4222.8,4692.0
931,*TANG X20 NARANJA-,4222.8,4692.0
932,*TANG X20 NAR-BANANA-,4222.8,4692.0
933,*TANG X20 NAR-DULCE-,4222.8,4692.0
934,*TANG X20 NAR-MANGO-,4222.8,4692.0
935,*TANG X20 PERA-,4222.8,4692.0
936,*TANG X20 POMELO ROSADO-,4222.8,4692.0
937,*CLIGHT  X20U ANANA JUGO-,4222.8,4692.0
938,*CLIGHT  X20U LIMONADA JUGO-,4222.8,4692.0
939,*CLIGHT  X20U MANGO/PERA JUGO-,4222.8,4692.0
940,*CLIGHT  X20U MANZ. VERDE JUGO-,4222.8,4692.0
941,*CLIGHT  X20U NAR/MANGO JUGO-,4222.8,4692.0
942,*CLIGHT  X20U NARA-DURAZNO JUGO-,4222.8,4692.0
943,*CLIGHT  X20U NARANJA -,4222.8,4692.0
944,*CLIGHT  X20U PERA JUGO-,4222.8,4692.0
945,*CLIGHT  X20U POM/AMARILLO JUGO-,4222.8,4692.0
946,*CLIGHT  X20U POM/ROSADO JUGO-,4222.8,4692.0
947,*CLIGHT X20U MANDARINA JUGO-,4222.8,4692.0
948,*CLIGHT X20U MANZ ROJA JUGO-,4222.8,4692.0
949,*CLIGHT X20U NARA DULCE JUGO-,4222.8,4692.0
950,*TERRA PEPITOS X118GS.-,957.6,1064.0
951,*TERRA OREO X117 (36U)-,1019.7,1133.0
952,*TERRA LINCOLN CLASICA-,972.0,1080.0
953,*CANALE CEREALITA X207GS-,1093.5,1215.0
954,*TERRA EXPRESS X108GS.-,0.0,0.0
955,*TERRA EXPRESS X303GS.,0.0,0.0
956,*TERRA VARIEDAD X400 GR-,1593.9,1771.0
957,*MINI OREO X50 GR-,567.0,630.0
958,*CLUB SOCIAL CLASICA X6 U-,1476.0,1640.0
959,*MINI PEPITOS 50GR X54UN-,513.0,570.0
960,*TOBLERONE X100GR X20U,0.0,0.0
961,*OREO SIN TACC X24,0.0,0.0
962,LA MOREN CAFE 20SAQ. X5,2907.9,3231.0
963,LA MOREN CAFE INST. X100,2137.5,2375.0
964,LA MOREN CAFE INST. X170,3872.7,4303.0
965,LA MOREN CAFE X125G.,1596.6,1774.0
966,LA MOREN CAFE X250G ,2939.4,3266.0
967,LA MOREN CAFE X500G CLASICO,5220.9,5801.0
968,LA MOREN TE BOLDO   X20,0.0,0.0
969,LA MOREN TE HIERBAS X20,0.0,0.0
970,LA MOREN TE MANZAN. X20,0.0,0.0
971,LA MOREN TE SAQ. X100U.,0.0,0.0
972,LA MOREN TE SAQ. X25 ,0.0,0.0
973,LA MOREN TE SAQ. X50U R,0.0,0.0
974,LA MOREN TE TILO X20SAQ,0.0,0.0
975,LA MORENITA CAPP DP X125,0.0,0.0
976,*MR MUSCULO LIMPIA HORNO X12-,0.0,0.0
977,*MYM AMARILLO X48 U-,1620.0,1800.0
978,*MYM MARRON X48 U-,1620.0,1800.0
979,*MYM MINI -,0.0,0.0
980,*NATURA MAYONES X118 GR 20-,456.3,507.0
981,*NATURA MAYONESA X500 GR-,2049.3,2277.0
982,*NATURA MAYOMONES X250 GR-,1087.2,1208.0
983,*NATURA MAYONESA X 1 KG-,3726.0,4140.0
984,*NESTLE KIT-KAT 24X45GS.-,699.3,777.0
985,*NESTLE KIT-KAT X24 DARK-,699.3,777.0
986,*NESTLE KIT-KAT X24 WHITE-,699.3,777.0
987,*NESQUIK X180 -,1299.6,1444.0
988,*NESQUIK X360 -,2329.2,2588.0
989,*NEVAR TURR D/MANI X50U.-,6456.6,7174.0
990,NS GALLETA X300 5 CEREALES,783.0,870.0
991,NS GALLETA X300 AVENA,783.0,870.0
992,NS GALLETA X300 C/SAL,783.0,870.0
993,NS GALLETA X300 CHIA LIGHT,783.0,870.0
994,NS GALLETA X300 GLUTEN,783.0,870.0
995,NS GALLETA X300 LIGHT,783.0,870.0
996,NS GALLETA X300 LINO/CHIA,783.0,870.0
997,NS GALLETA X300 LINO-CHIA S/SAL,783.0,870.0
998,NS GALLETA X300 MAIZ,783.0,870.0
999,NS GALLETA X300 MAIZ S/SAL,783.0,870.0
1000,NS GALLETA X300 MIX 7 SEMILLAS,783.0,870.0
1001,NS GALLETA X300 S/SAL,783.0,870.0
1002,NS GALLETA X300 SESAMO,783.0,870.0
1003,NS GALLETA X300 SOJA,783.0,870.0
1004,NS GALLETA X300 VEGANA,783.0,870.0
1005,*NUGATON NEGRO X24,9832.5,10925.0
1006,*NUGATON BLANCO X24,9832.5,10925.0
1007,*NUGATON BLACK X24,9832.5,10925.0
1008,*NUTELA X140GR-,2745.9,3051.0
1009,*NUTELA X 350GR-,4271.4,4746.0
1010,OKEBON GIROTONDO CHOCOLATADA X254,1000.8,1112.0
1011,OKEBON GIROTONDO X224GS,1000.8,1112.0
1012,OKEBON LECHE C/D.LECHE X273,963.0,1070.0
1013,OKEBON LECHE CHOC X273,1000.8,1112.0
1014,OKEBON LECHE X165,623.7,693.0
1015,OKEBON LECHE X273,963.0,1070.0
1016,OKEBON MOLI AVENA-CACAO X240,1156.5,1285.0
1017,OKEBON MOLI AVENA-GRANOLA X255,1156.5,1285.0
1018,OKEBON MOLI AVENA-PASAS X247,1156.5,1285.0
1019,OKEBON MOLI NARANJA-CHIP X253,1156.5,1285.0
1020,OKEBON MOLI SEMILLAS X231,1156.5,1285.0
1021,OKEBON PANAL CHOCOLATE X242,1000.8,1112.0
1022,OKEBON PANAL COCO X242,1000.8,1112.0
1023,OKEBON PANAL VAINILLA X242,1000.8,1112.0
1024,*ORENSE ALFAJOR NEGRO X12,549.0,610.0
1025,*ORENSE ALFAJOR BLANCO X12,549.0,610.0
1026,*ORENSE ALFAJOR MIXTO X12,549.0,610.0
1027,*PILAS PANASONIC aa X12 U -,315.0,350.0
1028,*PILAS PANASONIC aaa X10 U -,315.0,350.0
1029,PAR-NOR PITUSAS JALEA X140GS,582.3,647.0
1030,PAR-NOR PITUSAS X120 MERENGUE ,582.3,647.0
1031,PAR-NOR  PITUSA X130 BLACK,582.3,647.0
1032,PAR-NOR CHIPS X120,582.3,647.0
1033,PAR-NOR COCO X170,527.4,586.0
1034,PAR-NOR COQUITOS X170,527.4,586.0
1035,PAR-NOR MANTECADAS X170,527.4,586.0
1036,PAR-NOR MOROCHITAS X140,527.4,586.0
1037,PAR-NOR PITUSA X300G CHOCOL.,1039.5,1155.0
1038,PAR-NOR PITUSA X300G FRUTILLA,1039.5,1155.0
1039,PAR-NOR PITUSA X300G VAINILLA,1039.5,1155.0
1040,PAR-NOR PITUSAS X160 CHOCOLATE,582.3,647.0
1041,PAR-NOR PITUSAS X160 FRUTILLA,582.3,647.0
1042,PAR-NOR PITUSAS X160 LIMON,582.3,647.0
1043,PAR-NOR PITUSAS X160 MOUSSE,582.3,647.0
1044,PAR-NOR PITUSAS X160 VAINILLA,582.3,647.0
1045,PAR-NOR SUAVECITA X140,527.4,586.0
1046,PASEO 5 SEMILLAS X300,762.84,847.6
1047,PASEO SESAMO X300,762.84,847.6
1048,PASEO CRACKERS X300G.,631.8,702.0
1049,PASEO MULTICEREAL X300,762.84,847.6
1050,PASEO SALVADO X300G.,762.84,847.6
1051,PASEO SIN SAL X300,631.8,702.0
1052,*POXI-RAN X6U-,1993.5,2215.0
1053,*POXILINA X6 U-,3077.1,3419.0
1054,*UNIPOX X6U-,1074.6,1194.0
1055,*FASTIX X6 U-,2685.6,2984.0
1056,*ECCOLE X6 U-,2603.7,2893.0
1057,*EL PULPITO X6 U-,2908.8,3232.0
1058,*LA GOTITA X6 U -,1051.2,1168.0
1059,*LA GOTITA EN GEL X6 U-,1402.2,1558.0
1060,*POXIPOL X6 U -,3077.1,3419.0
1061,*POXIPOL TRANSPARENTE X6 U-,3077.1,3419.0
1062,*PEHUAMAR PAPAS FRITAS X500 GRS-,4606.2,5118.0
1063,*PEHUAMAR PAPAS ACANALADAS X500 GRS-,4606.2,5118.0
1064,*PEHUAMAR MAICITOS X285 GR-,2794.5,3105.0
1065,*PEPSI LATA -,594.0,660.0
1066,*PEPSI BLACK 500 X12,594.0,660.0
1067,*MIRINDA X500 X12,594.0,660.0
1068,*7UP LIGHT X500 X12,594.0,660.0
1069,*PEPSI X500 ML-,594.0,660.0
1070,*PICNIC 1X40-,8550.0,9500.0
1071,PINDY CRACKERS X306GS,612.9,681.0
1072,*PIPAS COMUNES X30U.-,4761.0,5290.0
1073,*PIPAS GIGANTES X12U-,4709.7,5233.0
1074,*PIPAS PELADAS 1X20.-,4554.0,5060.0
1075,ESTANCIA EL PLACER DULCE  REPOSTERO X12,1387.8,1542.0
1076,ESTANCIA EL PLACER DULCE  X12 ,1181.7,1313.0
1077,POZO MADALENA  MARMOLADA X220,1017.0,1130.0
1078,POZO MADALENA  RELL F/BOSQUE X250,1017.0,1130.0
1079,POZO MADALENA C/CHIPS X220,1017.0,1130.0
1080,POZO MADALENA COCO/D. LECHE X220G.,1017.0,1130.0
1081,POZO MADALENA LIMON X220,1017.0,1130.0
1082,POZO MADALENA MADACHOC X220,1017.0,1130.0
1083,POZO MADALENA RELL  D/LECHE X220,1017.0,1130.0
1084,POZO MADALENA RELL CHOCO X250,1017.0,1130.0
1085,POZO MADALENA X200GS.,1017.0,1130.0
1086,POZO VAINILLA X148GS.,650.7,723.0
1087,POZO VAINILLA X444GS.,1877.4,2086.0
1088,*PRIME TEXTURADO -,1531.8,1702.0
1089,*PRIME ESPERMICIDA-,1531.8,1702.0
1090,*PRIME MEGA-,1531.8,1702.0
1091,*PRIME SUPER FINO-,1531.8,1702.0
1092,*PRIME EXTRA LUBRICADO-,1531.8,1702.0
1093,*PRIME EXPERMICIDA-,1531.8,1702.0
1094,*PRIME ULTRA FINO-,1531.8,1702.0
1095,*PRIME TACHAS-,1531.8,1702.0
1096,*PRIME ULTRA FINO-,1531.8,1702.0
1097,*PRIME RETARDANTE -,1531.8,1702.0
1098,*PRIME ANATOMICO-,1531.8,1702.0
1099,*PRINGLES ORIGINAL X27 GRS-,1440.0,1600.0
1100,*PRIGLES ORIGINAL X104 GRS-,3420.0,3800.0
1101,*PRINGLES QUESO X27 GRS-,0.0,0.0
1102,*PRINGLES QEESO X104 GRS-,0.0,0.0
1103,*PRINGLES CEBOLLA Y CREMA X27GRS -,1440.0,1600.0
1104,*PRINGRES CEBOLLA Y CREMA X104 GRS-,0.0,0.0
1105,*PRINGLES CHEDDAR X27 GRS-,0.0,0.0
1106,*PUSH POP DUO X20U.-,6727.5,7475.0
1107,*PUSH POP CARITA X20U.-,6727.5,7475.0
1108,*RAPSODIA MINI TORTA X24-,9180.0,10200.0
1109,*ALFAJOR RASTA NEGRO-,720.0,800.0
1110,*ALFAJOR RASTA BLANCO -,720.0,800.0
1111,RC SIN SAL X225G,729.0,810.0
1112,RC SIN SAL X450G.,1386.0,1540.0
1113,*RELYAN GOMA X800 EUCALIPTO -,2880.0,3200.0
1114,*RELYAN GOMA X800 FRUTAL -,2880.0,3200.0
1115,*RELYAN GOMA X800 MENTOL-,2880.0,3200.0
1116,*RELYAN GOMA X800 ROSA -,2880.0,3200.0
1117,RELYAN ORUZUS,0.0,0.0
1118,REY MERENGUITO 20X100GR,16168.5,17965.0
1119,RIERA X200 DULCE,868.5,965.0
1120,RIERA X200 LIGHT,868.5,965.0
1121,RIERA X200 S/SAL,868.5,965.0
1122,RIERA X200 SALVADO,0.0,0.0
1123,RIERA TOSTA MULTISEMILLA 18X200,16452.0,18280.0
1124,RIERA TOSTADA DE ARROZ X150 DULCE,1324.8,1472.0
1125,RIERA REINITA 18X200GS.,14254.2,15838.0
1126,RIERA TOSTA LIGHT 18X200,16450.2,18278.0
1127,RIERA TOSTADIET MESA 18X200,14253.3,15837.0
1128,RIERA TOSTADIET S/SAL 18X200,14253.3,15837.0
1129,RIERA TOSTADIET SALVA. 18X200,14253.3,15837.0
1130,RIERA X200 MESA,811.8,902.0
1131,RIERA X200 MULTISEMILLA,856.8,952.0
1132,RIERA TOSTADA DE ARROZ X150,1324.8,1472.0
1133,RIERA TOST. ARROZ S/SAL X150GS.,1324.8,1472.0
1134,RISKI-DIT TOSTADA DULCE,936.9,1041.0
1135,RISKY-DIT TOSTADA C/SAL,936.9,1041.0
1136,RISKY-DIT TOSTADA S/SAL,936.9,1041.0
1137,*YERBA ROSAMONTE X500-,1294.2,1438.0
1138,*YERBA ROSAMONTE SUAVE X500-,1294.2,1438.0
1139,DON SATUR MADAL D/LECHE X250,1129.5,1255.0
1140,DON SATUR MADAL MADACHOC X250,1129.5,1255.0
1141,DON SATUR MADAL MARMOLADA X200,1129.5,1255.0
1142,DON SATUR MADAL VAINILLA X250,1129.5,1255.0
1143,DON SATUR MADAL CON CHIP X250,1129.5,1255.0
1144,DON SATUR NEGRIGRAS X200,531.0,590.0
1145,DON SATUR AGRIDULCE X200,531.0,590.0
1146,DON SATUR GRASA X200G,531.0,590.0
1147,DON SATUR TALITA C/QUESO,783.9,871.0
1148,DON SATUR TALITAS X160G,771.3,857.0
1149,DON SATUR TALITAS C/ SEMILLAS,783.0,870.0
1150,*7UP LIMA LIMON LATA 354 ML-,339.3,377.0
1151,*7UP X500 ML-,594.0,660.0
1152,*SKITTLES ROJO -,1530.0,1700.0
1153,*SKITTLES VIOLETA,1530.0,1700.0
1154,SOLITA PURITOS BAÑADOS X160GS.,688.5,765.0
1155,SOLITA PURITOS BA—ADOS X300,1195.2,1328.0
1156,SOLITA ROSQUITA BA—ADA X160GS.,688.5,765.0
1157,SOLITA ROSQUITAS BA—ADAS X300,1195.2,1328.0
1158,SOLITA ANIMACION X4K.,8698.5,9665.0
1159,SOLITA ARITOS X4K.,8698.5,9665.0
1160,SOLITA FRUTILLA X4K,8698.5,9665.0
1161,SOLITA LEGENDARIA X4K.,8698.5,9665.0
1162,SOLITA SURTISOL X4K.,8698.5,9665.0
1163,SOLITA ALF FRUTA X160GS.,990.0,1100.0
1164,SOLITA ALF FRUTA X300GS.,1747.8,1942.0
1165,SOLITA ALFAJOR GLASE X160,990.0,1100.0
1166,SOLITA ALFAJOR GLASE X300,1747.8,1942.0
1167,SOLITA ALF CHOC/BCO X160,990.0,1100.0
1168,SOLITA ALF CHOC/BCO X300,1747.8,1942.0
1169,SOLITA ALFAJOR  X160GS.,990.0,1100.0
1170,SOLITA ALFAJOR X300GS.,1747.8,1942.0
1171,SOLITA ANIMACION X400GS,932.4,1036.0
1172,SOLITA ARITOS X500GS.,1017.0,1130.0
1173,SOLITA CHIROLA C/CHIP X400,0.0,0.0
1174,SOLITA COLMENAS X500GS.,0.0,0.0
1175,SOLITA EXHIBICION X400G,746.1,829.0
1176,SOLITA FRUTILLA  X500GS,1021.5,1135.0
1177,SOLITA LEGENDARIA CHOC. X500,1017.0,1130.0
1178,SOLITA LEGENDARIA X500G,1021.5,1135.0
1179,SORIANO BISCUIT 16X125,13951.8,15502.0
1180,SORIANO CON CHIP ,15644.7,17383.0
1181,*ENERGIZANTE SPEED X250 ML-,0.0,0.0
1182,*ENERGIZANTE SPEED XL -,0.0,0.0
1183,STANI LENGUETAZO MANZANA X32,3477.6,3864.0
1184,*YERBA TARAGUI X500 -,1440.0,1600.0
1185,*TARAGUI MATE COCIDO X25-,792.0,880.0
1186,TEMBLEKE BRUJAS X10U.,4950.0,5500.0
1187,TEMBLEKE COBRA X12,5400.0,6000.0
1188,TEMBLEKE CORAZON X3U.,0.0,0.0
1189,TEMBLEKE EMOCIONES X6U.,0.0,0.0
1190,TEMBLEKE MUNDIAL X6U.,0.0,0.0
1191,TEMBLEKE PIRATA X6,0.0,0.0
1192,TEMBLEKE PRINCESAS X6U.,0.0,0.0
1193,TEMBLEKE RELOJ X12U.,5400.0,6000.0
1194,TEMBLEKE SELVA X6U.,0.0,0.0
1195,TEMBLEKE SIMPSOM X20U.,0.0,0.0
1196,TEMBLEKE DINO X12,5400.0,6000.0
1197,TEMBLEKE TATTO X14U.,0.0,0.0
1198,TEMBLEKE ASKY RATA,5400.0,6000.0
1199,TEMBLEKE DRACULENGUA,4320.0,4800.0
1200,TEMBLEKE SOBRE RUEDAS,4590.0,5100.0
1201,TEREPIN PEPA X200G.,410.4,456.0
1202,TEREPIN PEPA X400G.,813.6,904.0
1203,TODDY ALF X6 U ,3618.9,4021.0
1204,TODDY CHIPS CHICA X50GS.,428.4,476.0
1205,TODDY CHISPAS X126GS-,1105.2,1228.0
1206,TOPOLIN JUGUETAZO X10U.,7560.0,8400.0
1207,TOPOLIN PALETITA X50U.,1782.0,1980.0
1208,TOPOLIN SORPRESA X10U.,2484.0,2760.0
1209,TRIO ANILLOS GLAS X300,585.0,650.0
1210,TRIO BESITOS X350G.,0.0,0.0
1211,TRIO CHOCOLATINA X300G,984.6,1094.0
1212,TRIO CHOCOTRIO X300,984.6,1094.0
1213,TRIO FROLITA X300G.,729.0,810.0
1214,TRIO FROLITA X500G,1128.6,1254.0
1215,TRIO GLASY X350G.,729.0,810.0
1216,TRIO GLASY X500GS.,1044.0,1160.0
1217,TRIO KRUMIRI X300GS.,729.0,810.0
1218,TRIO LINGUINI X300GS.,729.0,810.0
1219,TRIO MINIPEPAS X300G,729.0,810.0
1220,TRIO OSKITOS X300G,990.0,1100.0
1221,TRIO PEPA ALEMANA X300,729.0,810.0
1222,TRIO PEPA ALEMANA X500,1127.7,1253.0
1223,TRIO PEPA C/ACEITE VEG X300GS.,0.0,0.0
1224,TRIO PEPAS C/CHIPS X320,729.0,810.0
1225,TRIO PEPAS C/CHIPS X500,1127.7,1253.0
1226,TRIO PEPAS X320G.,668.7,743.0
1227,TRIO PEPAS X500GS.,1044.0,1160.0
1228,TRIO PEPONA BATATA X300,729.0,810.0
1229,TRIO PEPONA BATATA X500,1127.7,1253.0
1230,TRIO SCONS X350G.,729.0,810.0
1231,TRIO SURTIDAS X360G.,729.0,810.0
1232,TRIO TARTELETTE FRUTILLA X300,729.0,810.0
1233,TRIO TRICHIPS X300G.,729.0,810.0
1234,TRIO TRICHOC X300G.,729.0,810.0
1235,TRIO TRICHOC X500GS.,1125.0,1250.0
1236,TRIO VARIETTE X500gs.,1044.0,1160.0
1237,*YERBA UNION X500 -,1440.0,1600.0
1238,URQUIZA MERENKOA 12U.,3829.5,4255.0
1239,VARIOS,0.0,0.0
1240,*VAUQUITA  TABLETA 18X25-,5130.0,5700.0
1241,*VAUQUITA TAB LIGTH 18X25-,5130.0,5700.0
1242,VEROMAR PEPA BATATA X400,1531.8,1702.0
1243,VEROMAR PEPA CHOC X200G,0.0,0.0
1244,VEROMAR PEPA FRUTILLA X400,1531.8,1702.0
1245,VEROMAR PEPA X400,1531.8,1702.0
1246,VEROMAR PEPA X400 MANZANA,1531.8,1702.0
1247,VEROMAR SCON X400,1531.8,1702.0
1248,VEROMAR SOL DE COCO X330,1687.5,1875.0
1249,*AGUA VILLAVICENCIO SIN GAS X500 ML X12 U-,595.8,662.0
1250,*VIMAR ESCOLAR X60U,8010.0,8900.0
1251,*YERBA MAÑANA X500-,1469.7,1633.0
1252,*YERBA MAÑANANITA X 1 KG-,2695.5,2995.0
1253,*YERBA NOBLEZA GAUCHA X500-,1335.6,1484.0
1254,*YERBA PLAYADITO X500-,1676.7,1863.0
1255,*YERBA PLAYADITO X 1 KG-,3260.7,3623.0
1256,*YERBA CRUZ DE MALTA X500-,1396.8,1552.0
1257,*YUMMY X12U. DINO-,2949.3,3277.0
1258,*YUMMY X12U. PIECITOS-,2949.3,3277.0
1259,*YUMMY X12U. ANIMALITOS-,2949.3,3277.0
1260,*YUMMY X12U. BANANITAS-,2949.3,3277.0
1261,*YUMMY X12U. MORITAS-,2949.3,3277.0
1262,*YUMMY X12U. OSITOS-,2949.3,3277.0
1263,*YUMMY X12U. OSITOS ACIDOS-,2949.3,3277.0
1264,*YUMMY X500GS. BANANA-,2644.2,2938.0
1265,*YUMMY X500GS. CIEN PIES-,2644.2,2938.0
1266,*YUMMY X500GS. FRUTILLA/CREMA-,2644.2,2938.0
1267,*YUMMY X500GS. MORITAS-,2644.2,2938.0
1268,*YUMMY X500GS. OSITOS-,2644.2,2938.0
1269,*YUMMY X500GS. OSITOS ACIDOS-,2644.2,2938.0
1270,*YUMMY X500GS. SANDIA-,2644.2,2938.0
1271,*MISKY GOMA MENTA X1KG,5020.2,5578.0
1272,*FRISBIX DISCOS DE ARROZ CON SAL X12,635.4,706.0
1273,*FRISBIX DISCOS DE ARROZ SIN SAL X12,635.4,706.0
1274,*FRISBIX DISCOS DE ARROZ DULCES X12,635.4,706.0
1275,*DON SATUR PAN DULCE CON FRUTA PROMO,2106.0,2340.0
1276,*DON SATUR PAN DULCE SIN FRUTA PROMO,1890.0,2100.0
1277,*DON SATUR PAN DULCE CON CHIP PROMO,2321.1,2579.0
1278,*BIC PROMO MINI X12,0.0,0.0
1279,*BIC PROMO MAXI X12,0.0,0.0
1280,*COCA COLA 500 X12,940.5,1045.0
1281,*COCA COLA ZERO X500 X 12,940.5,1045.0
1282,*COCA COLA LATA X6,882.0,980.0
1283,*SPRITE X500 X12,940.5,1045.0
1284,*DURACEL C MEDIANA X2 C\U,3105.0,3450.0
1285,*DURACEL D GRANDE X2 C\U,3726.0,4140.0
1286,*DURACEL BATERIA 9V ,3254.4,3616.0
1287,*ENERGIZER C MEDIANA X2 C\U,1863.0,2070.0
1288,*ENERGIZER D GRANDE X2 C\U,1863.0,2070.0
1289,*ENERGIZER BATERIA 9V,2493.0,2770.0
1290,*EVEREADY BATERIA 9V,900.0,1000.0
1291,*AGUA ECO DE LOS ANDES X500 X12,405.0,450.0
1292,*KOLINOS X90 GR X12,1242.0,1380.0
1293,*ORAL B PASTA DE DIENTES 70GR,1098.9,1221.0
1294,*COLGATE X70GR X12,1485.0,1650.0
1295,*DETERGENTE MAGISTRAL 500 GR,1984.5,2205.0
1296,*JABON EN PAN SEISEME X300 GR,1117.8,1242.0
1297,*BULL DOG REGALIZ 75 GR ROJO,585.0,650.0
1298,*BULL DOG REGALIZ 75 GR AZUL,585.0,650.0
1299,*BULL DOG REGALIZ 75 GR SANDIA ,585.0,650.0
1300,*BULL DOG REGALIZ 75 GR TUTTI FRUTTI,585.0,650.0
1301,*GLACIAR AGUA MINERAL X 2 LTS,1138.5,1265.0
1302,*MIELCITA 1X50UN,2520.0,2800.0
1303,*TIC-TAC CITRUS X12,5850.0,6500.0
1304,*NARANJU FRUTILLA 1X20X8,1692.0,1880.0
1305,*NARANJU NARANJA 1X20X8,1692.0,1880.0
1306,*NARANJU UVA 1X20X8,1692.0,1880.0
1307,*NARANJU MANZANA 1X20X8,1692.0,1880.0
1308,*NARANJU ANANA 1X20X8,1692.0,1880.0
1309,*VIZZIO PASAS DE UVA 100GR,1890.0,2100.0
1310,*VIZZIO ALMENDRAS 100GR,2430.0,2700.0
1311,*VIZZIO CEREAL 100GR,1890.0,2100.0
1312,*BARILOCHE TURRON MANI 80GR ,630.0,700.0
1313,*NUGATON POSTRE DE MANI 75GR,720.0,800.0
1314,*BARILOCHE MANI C/CHOCO 80GR,1300.5,1445.0
1315,*BARILOCHE CONF MANI COLOR 120 GR,900.0,1000.0
1316,*BONAFIDE CEREAL C/CHOCO 80 GR,1300.5,1445.0
1317,*BONAFIDE GARRAPI MANI 100GR,720.0,800.0
1318,*BONAFIDE GARRAPI MANI 80GR,631.8,702.0
1319,*MANTECOL LINGOTE  500GR,6480.0,7200.0
1320,*BONAFIDE TURRON 80 GR,720.0,800.0
1321,*BONAFIDE TURRON 100 GR ,810.0,900.0
1322,*BONAFIDE ALMENDRAS BAÑADAS CHOCO BLANCO 80GR,1620.0,1800.0
1323,*BONAFIDE CEREAL BANADO 80 GR,1260.0,1400.0
1324,*FELFORT CREMONA DE MANI TURRON 100 GR,1080.0,1200.0
1325,*FELFORT TURRON DE MANI BAÑADO EN CHCOCO 100GR,1800.0,2000.0
1326,*FELFORT TRUFADO ALMENDRA Y CHOCOLATE,2250.0,2500.0
1327,*FELFORT ESPUMON DE MARROC ,2250.0,2500.0
1328,*FELFORT FLOR DE ALMENDRO ,2250.0,2500.0
1329,*BARILOCHE GARRAPIÑADA DE MANI 80GR ,576.9,641.0
1330,*BARILOCHE TURRON CROCANTE MANI 80GR ,960.3,1067.0
1331,*ALFAJOR BARRIGON BLANCO X7U,1215.0,1350.0
1332,*ALFAJOR BARRIGON NEGRO X7U,1215.0,1350.0
1333,*REPELENTE ABOVE PROTECT X150GR,3150.0,3500.0
1334,*BULL DOG REGALIZ 1X16 456GR ROJO,2000.7,2223.0
1335,*BULL DOG REGALIZ 1X16 456GR TUTTI,2000.7,2223.0
1336,*BULL DOG REGALIZ 1X16 456GR SANDIA,2000.7,2223.0
1337,*BULL DOG REGALIZ 1X16 456GR FRAMBUESA,2000.7,2223.0
1338,*BULL DOG REGALIZ 1X25 FRUTILLA ,8424.0,9360.0
1339,*BULL DOG REGALIZ 1X25 MULTICOLOR,8424.0,9360.0
1340,*BULL DOG REGALIZ 1X25 SANDIA,8424.0,9360.0
1341,*SPEED 500ML X12,1593.0,1770.0
1342,*GLACIAR SPORT PICO X6,720.0,800.0
1343,*CEPITA FRUTILLA-MANGO X1L,1287.0,1430.0
1344,*CEPITA ANANA-MANDARINA X1L,1287.0,1430.0
1345,*GATORADE FRUTAS TROPICALES X750ML X6,922.5,1025.0
1346,*GATORADE MANZANA X750ML X6,922.5,1025.0
1347,*GATORADE COOL BLUE X750ML X6,922.5,1025.0
1348,*FUN XTREME AZUL 1X12X25GR,5040.0,5600.0
1349,*FUN XTREME AZUL 1X12X25GR,5040.0,5600.0
1350,*MANTECOL 111G COCO,1485.0,1650.0
1351,*MANTECOL 111G CARAMELO,1485.0,1650.0
1352,*MANTECOL 111G CAFÉ,1485.0,1650.0
1353,*TOPLINE ULTRA ROJO X12,13074.3,14527.0
1354,*TOPLINE ULTRA VERDE X12,13074.3,14527.0
1355,*TOPLINE ULTRA AZUL X12,13074.3,14527.0
1356,*SALADIX CROSS ORIG X67GR X32U,580.5,645.0
1357,*SALADIX CROSS PICANTE X67GR X32U,580.5,645.0
1358,*SNICKERS X48U ,1620.0,1800.0
1359,*CARAMELO ARCOR BASTON VIENA X470GR,2430.0,2700.0
1360,*SALSA FILETO LA CAMP 340GR,783.0,870.0
1361,*SALSA PIZZA LA CAMP 340GR,783.0,870.0
1362,*SALSA POMAROLA LA CAMP 340GR,783.0,870.0
1363,*PURE DE TOMATE LA CAMP X530GR,734.4,816.0
1364,*PURE DE TOMATE SALSATI X530,801.0,890.0
1365,*GALLETA BLOCK X124GR X30U,864.0,960.0
1366,*GALLETA COFLER 30X12,864.0,960.0
1367,*GALLETA ROCKLET X118GR X30U,864.0,960.0
1368,*ORENSE BLACK X12,585.0,650.0
1369,*ORENSE MOUSSE X12,585.0,650.0
1370,*PIPAS TIRA X10U,3933.0,4370.0
1371,*SUGUS ESTUCHE X6U. ACIDO-,720.0,800.0
1372,*GATORADE MANZANA X500ML X6,745.2,828.0
1373,*GATORADE FRUTAS TROPICALES X500ML X6,745.2,828.0
1374,*GATORADE COOL BLUE X500ML X6,745.2,828.0
1375,*CANARIAS YERBA X1K ORIG,7768.8,8632.0
1376,*CANARIAS YERBA X500G ORIG,4253.4,4726.0
1377,*CANARIAS YERBA X500G TE VERDE Y JENGIBRE,4710.6,5234.0
1378,*CANARIAS YERBA X1K SERENA,8355.6,9284.0
1379,*CANARIAS YERBA X500G SERENA,4636.8,5152.0
1380,*CANARIAS YERBA X1K EDICION ESPECIAL,8813.7,9793.0
1381,*KINDER HUEVO VERDE X12,1323.0,1470.0
1382,*KINDER HUEVO VIOLETA  X12,1323.0,1470.0
1383,*KINDER HUEVO AMARILLO X12,1323.0,1470.0
1384,*TNT CARAMELO PINTA LENGUA X60 U,2520.0,2800.0
1385,*TNT CHICLE SUPER ACIDO SABORES X60U,2520.0,2800.0
1386,*TNT CARAMELO SABORES X60 U,2520.0,2800.0
1387,*TNT CHUPETIN ACIDO X48U,3420.0,3800.0
1388,*PALITO DE LA SELVA ACIDO X120U,3510.0,3900.0
1389,*CLIGHT LIMONADA Y ARANDANOS X20 U,4222.8,4692.0
1390,*CLIGHT LIMONADA Y MARACUYA X20 U,4222.8,4692.0
1391,*CLIGHT LIMONADA ROSA X20 U,4222.8,4692.0
1392,*REY MOMO X12U,1485.0,1650.0
1393,*RED BULL 1X24 250CC,1350.0,1500.0
1394,*MOGUL BANANITAS X50G,5645.7,6273.0
1395,*FULL MANI RELLENO PASTA DE MANI 6X8X140GR,1795.5,1995.0
1396,*ZUCOA CACAO EN POLVO 12X150GR,750.38,833.75
1397,*9 DE ORO ANILLOS VAINILLA X16 X120G,277.88,308.75
1398,*9 DE ORO MINI BUDIN DE VAINILLA 10X210GR,741.38,823.75
1399,*CAÑUELAS MAYONESAX 20X125 GR,326.16,362.4
1400,"*VILLAVICENCIO AGUA X1,5 LTS X6",630.0,700.0
1401,*OBLITA BON O BON FRUTILLA X30 UN,5067.0,5630.0
1402,*OBLITA BON O BON CLASICO X30U,5067.0,5630.0
1403,*OBLITA BON O BON CRASH NEGRO X30U,5067.0,5630.0
1404,*OBLITA BON O BON BLANCO X30U,5067.0,5630.0
1405,*OBLITA BON O BON CHOCOLATE MARRON X30U,5067.0,5630.0
1406,*OBLITA CUBANITO NOUGAT VIOLETA X48U,4288.5,4765.0
1407,*OBLITA CUBANITO DULCE DE LECHE MARRON X48U,4288.5,4765.0
1408,*OBLITA CUBANITO FRUTILLA X48U,4288.5,4765.0
1409,*OBLITA CUBANITO CHOCOLATE BLANCO X48,4288.5,4765.0
1410,*OBLITA CUBANITO CHOCOLATE ROJO X48,4288.5,4765.0
1411,*OBLITA CUBANITO MARROC X48,4288.5,4765.0
1412,*TURRON ROCKLET X50U,11281.5,12535.0
1413,*TOPLINE ULTRA VIOLETA 1 X12,13074.3,14527.0
1414,*OBLEA XL BLOCK X18U,12798.0,14220.0
1415,*COMBO MILKA SABORES,41220.0,45800.0
1416,*OCB NEGRO X25U,17388.0,19320.0
1417,*MILKA OREO 20G,507.6,564.0
1418,*MILKA LECHE 20G,507.6,564.0
1419,*ALFAJOR LOVE 420 BLANCO X18,675.0,750.0
1420,*ALFAJOR LOVE 420 NEGRO X18,675.0,750.0
1421,*SKITLETS ROJO,1620.0,1800.0
1422,*CACHAFAZ MARROC X12 U,6619.5,7355.0
1423,*JORGITO GALLETITA RELLENA DE LIMON X12X90GR,1789.2,1988.0
